r2_score_train_1,r2_score_test_1,r2_score_train_0,r2_score_test_0,r2_score_train_2,r2_score_test_2
0.4655157239677279,0.1944697856230957,,,,
,,0.5801601521604891,0.5700352639500794,,
,,,,0.4549128111463544,0.08931457797431608
0.47848094991795653,0.20382488526406484,,,,
,,0.5674628088038768,0.6167967997724363,,
,,,,0.40744989949756905,0.2704310341920537
0.41887641839121525,0.47935117316009324,,,,
,,0.5875915006933061,0.5382704524617861,,
,,,,0.45152848866159634,0.11766933894851239
0.41604331353799473,0.45171819398884083,,,,
,,0.5973990213024766,0.43408916230275807,,
,,,,0.3846975834704973,0.4178015398508129
0.4341427719321028,0.3565563387902274,,,,
,,0.5965286163001227,0.36560786860391414,,
,,,,0.42083529290402066,0.20849773964079998
0.45015920109752383,0.34195845825410764,,,,
,,0.6193130092260405,0.40813281106953014,,
,,,,0.46158466064223447,0.1539025180333743
0.4234814731126654,0.4519372213890184,,,,
,,0.5513744286024668,0.6120982850015376,,
,,,,0.41700025113353534,0.21940942842658795
0.4417657953112105,0.32287367862940486,,,,
,,0.5912639702644175,0.5087344261134731,,
,,,,0.40003846107027763,0.3540118151991243
0.4107966397409134,0.5005135270333028,,,,
,,0.5974565570052381,0.4762798185576782,,
,,,,0.42746295685580493,0.2602556372611535
0.4161523817146737,0.4478217635001194,,,,
,,0.5628958520305753,0.6702474453890368,,
,,,,0.4198028215928886,0.2120345290956993
0.43450795715749846,0.38650594887262313,,,,
,,0.5757295005472973,0.5873905176326155,,
,,,,0.4026026903590709,0.2900179933801861
0.4789838539264023,0.10472984336156499,,,,
,,0.6056712641077125,0.4446707494242573,,
,,,,0.45225307513493085,0.15158994854391672
0.4299387901436391,0.422240208625835,,,,
,,0.5973806386799461,0.5079660857544596,,
,,,,0.4764104843289997,0.11336298356448082
0.44736451713423686,0.28197380867635735,,,,
,,0.5962037720053583,0.5214274528078862,,
,,,,0.3898723247049889,0.3549606748058015
0.42462386026571997,0.4165374633165575,,,,
,,0.5549916477551222,0.6427530614950437,,
,,,,0.414512717121163,0.26777019340948405
0.41816300099546433,0.44460579926986,,,,
,,0.5915517780185113,0.5098022922578447,,
,,,,0.40146684345487194,0.3564464833980997
0.43737568169240326,0.39130103657643334,,,,
,,0.5936060365934648,0.5115235774137119,,
,,,,0.36021834245828543,0.45928651825887057
0.4216702419380488,0.4546557493922544,,,,
,,0.5649225357513765,0.6175031626749223,,
,,,,0.410574152140455,0.26093789050399196
0.4189336761766471,0.45769110333423435,,,,
,,0.580507885969846,0.563458120882789,,
,,,,0.39194337775110877,0.3957392824317997
0.47104043832931874,0.2686453315907875,,,,
,,0.5721808345613455,0.6240155057710978,,
,,,,0.390664047995924,0.3596943663404537
0.42532554920186016,0.438968613277088,,,,
,,0.5947099363697358,0.5141142143227121,,
,,,,0.36604351395727885,0.46137961404674455
0.44467975571350127,0.33752245023873506,,,,
,,0.5510770208559206,0.6990865461641531,,
,,,,0.40409847489659956,0.3514018745708565
0.44398228852121924,0.36057909135658506,,,,
,,0.6113837788712075,0.3886075666983808,,
,,,,0.38566555621570353,0.3612720451373158
0.43388269407938895,0.4019274496302837,,,,
,,0.5959696703246028,0.5025303436381791,,
,,,,0.37293802814531385,0.47940712469975133
0.48033845172395884,0.2816229676966987,,,,
,,0.5663074400313475,0.6435733944060467,,
,,,,0.45711664465752233,0.1940695410523824
0.4361525399133004,0.3297958138457746,,,,
,,0.574676851059971,0.5660089267975671,,
,,,,0.3939017230386165,0.36765070795520005
0.4309613986012455,0.3593864819758066,,,,
,,0.5926146146851855,0.4892445701509538,,
,,,,0.4226454142382081,0.2785893166763542
0.45684077363252973,0.35009438321149156,,,,
,,0.5950617019215556,0.49130755946022286,,
,,,,0.39630550158396893,0.30892466029721954
0.49864554402051287,0.14357920999491958,,,,
,,0.566915376146874,0.6651031995970268,,
,,,,0.40590191520461594,0.1511835261426947
0.41958044831979224,0.45769283598924626,,,,
,,0.5541012029684462,0.6365532547092374,,
,,,,0.4203742301992359,0.2528447521242043
0.4320559199224666,0.36967271511486066,,,,
,,0.616320550567829,0.47501224416162957,,
,,,,0.40961236051611094,0.21244798823645206
0.4673314213300661,0.26981004005950193,,,,
,,0.5806549645522864,0.5658819136354497,,
,,,,0.36876360059633795,0.4584866627184164
0.4059898590044022,0.4970506635850125,,,,
,,0.62146589687169,0.39179908907609606,,
,,,,0.38676596197363067,0.3724360104563609
0.4450156906666862,0.3821360944660548,,,,
,,0.6010322995254107,0.4470582871934088,,
,,,,0.3789517118146839,0.3531620733175028
0.45912281027333524,0.11080651927766583,,,,
,,0.5550983703370667,0.6472038230010053,,
,,,,0.39947834647924074,0.32204550927476305
0.405914020251091,0.5098020171704796,,,,
,,0.5995885296808179,0.392608682602831,,
,,,,0.4057950466876922,0.3255101442348096
0.42686264745884683,0.42514831386730434,,,,
,,0.5621785208247291,0.6196102749136284,,
,,,,0.39000576533746967,0.33342547295129554
0.4258449352210095,0.4341379057903414,,,,
,,0.5915123016392037,0.47879486608836186,,
,,,,0.3924692761508417,0.3694411814248654
0.4448844932639924,0.36174981353574964,,,,
,,0.5978304939841761,0.5043335374746543,,
,,,,0.4500704699984983,0.15391655933121118
0.4275677220963622,0.429626505041802,,,,
,,0.5668102994507935,0.6181471533739044,,
,,,,0.42940634813636225,0.16014206439419731
0.46131309849931923,0.3272389558292653,,,,
,,0.5909117298654649,0.46762645703045935,,
,,,,0.3911332908055961,0.16901413161403311
0.42430342431115164,0.4028513368058102,,,,
,,0.5877605997528565,0.5130580974628411,,
,,,,0.423882528762332,0.20093338404342576
0.4526826756733201,0.33870826159836454,,,,
,,0.6053834539165324,0.37586335952265615,,
,,,,0.44904796698581295,0.17365279525164312
0.47705172200069246,0.16969741339547417,,,,
,,0.635397837373259,0.3733607412519908,,
,,,,0.45101752284087404,0.23553098145626583
0.43142677466960266,0.40408081671278584,,,,
,,0.5550055292736927,0.6227450457816941,,
,,,,0.38429204636039116,0.376372579603207
0.4344879396153263,0.3680963070508143,,,,
,,0.574034250348036,0.5887632849681821,,
,,,,0.41169431909592236,0.2796114730387994
0.4386305279147825,0.33864256733058984,,,,
,,0.5819347097911449,0.5559951451823312,,
,,,,0.44104704516953497,0.06597543815221862
0.4085918648538399,0.5340318695525089,,,,
,,0.5648397462248687,0.6185673990206633,,
,,,,0.34393983304033626,0.5519923059463127
0.4692809507031829,0.23942724736186172,,,,
,,0.6043102166785095,0.45641907257939973,,
,,,,0.3303407632757883,0.48870707555175297
0.40800072512641117,0.5210876438304557,,,,
,,0.5343955218631959,0.6987426340909402,,
,,,,0.4346036824372512,0.1788492683354589
0.4216928687296768,0.45715783400465426,,,,
,,0.6005854576252949,0.4315240404923335,,
,,,,0.3597562268282051,0.4581062076239092
0.4224185111200631,0.4275209038256478,,,,
,,0.5790086671141172,0.5502995006355152,,
,,,,0.4473813672811511,0.14286558802686777
0.4162774143599556,0.4395137611361627,,,,
,,0.5851991377493644,0.5413719836509917,,
,,,,0.44217556203159225,0.22913498397456677
0.44233979686586666,0.3140656790948466,,,,
,,0.5718638321143998,0.5910161500525946,,
,,,,0.4277547670439188,0.2546024300543185
0.3847589567108366,0.5284894451900257,,,,
,,0.5951085852102352,0.48663325917960787,,
,,,,0.3495162486702823,0.5262427319189016
0.4751687352725851,0.2718948230038165,,,,
,,0.5769747437534145,0.5849552831371043,,
,,,,0.3890338972761298,0.40636728178221637
0.38612732378500725,0.4982060662773383,,,,
,,0.6032666968882097,0.42607816871913273,,
,,,,0.4113987050179354,0.28833089741058293
0.44761207083838894,0.30732820541462136,,,,
,,0.5721450914321342,0.6061957170867549,,
,,,,0.4644335832614662,0.06687148373550289
0.4495599225452839,0.2797617260368437,,,,
,,0.5870042604160283,0.5131363786990772,,
,,,,0.39478252999805463,0.342441750766881
0.43681746566025503,0.3930729840252245,,,,
,,0.5617560902509829,0.656006967651496,,
,,,,0.39790021858488545,0.31832386406607294
0.43537344464136396,0.3827238043768546,,,,
,,0.583839905091583,0.523805601518323,,
,,,,0.35771937558045075,0.5211530604988065
0.4615924565275439,0.24012481198136404,,,,
,,0.5975470205631209,0.4320040769418335,,
,,,,0.39590369578653684,0.3225170483099924
0.4293328323174538,0.42048173248722454,,,,
,,0.5725120516667785,0.5933500199271111,,
,,,,0.37159381849177264,0.502370440136294
0.4145333762978073,0.47515063342337505,,,,
,,0.550856268366275,0.7176060381464544,,
,,,,0.4348567846556801,0.1876904373387197
0.41277666428440485,0.48380167620514214,,,,
,,0.5418610507415458,0.7038551619465309,,
,,,,0.44526218498947556,0.14240885839896256
0.42065705985380697,0.45303242894817874,,,,
,,0.5688825132438662,0.6238649310216494,,
,,,,0.37756056487730183,0.4145186437424674
0.42145166065273476,0.4516057825197006,,,,
,,0.5940006710950477,0.49225739644062716,,
,,,,0.39557178024808526,0.3712786739381172
0.40967992007644516,0.46756618956919227,,,,
,,0.603981098770221,0.4253066675518392,,
,,,,0.4509229532753011,0.18841322301569718
0.4208072826327556,0.4589128527266041,,,,
,,0.5438656229453623,0.6592693690073081,,
,,,,0.45399129458564613,0.11058374295371931
0.4711037975204817,0.3168913802525696,,,,
,,0.6079618483503075,0.42511242149157846,,
,,,,0.4072207078000041,0.32347314526600324
0.43271092032162706,0.38006956483409127,,,,
,,0.5711449151904634,0.5725234620170885,,
,,,,0.451080407536824,0.12593961101707096
0.45660367108064415,0.3194212540471937,,,,
,,0.573626606905646,0.6039608076654805,,
,,,,0.3848505475245648,0.40151002838147576
0.41516717333809483,0.4612474197536195,,,,
,,0.5901282723820485,0.5234553517230469,,
,,,,0.43703796519674576,0.2136599407366958
0.4280738872794929,0.4297249851027686,,,,
,,0.5603593484229484,0.6136999519922197,,
,,,,0.39066952834882973,0.3469467706752706
0.4306484142712994,0.3915557263358508,,,,
,,0.6271504091728481,0.27863215296699295,,
,,,,0.37373117606975337,0.462717662035499
0.4300454561826137,0.403122323358837,,,,
,,0.6477544216749136,0.20469805584888046,,
,,,,0.39984196389170334,0.3230538222638182
0.44512516660055923,0.3407823889035805,,,,
,,0.5799507719320046,0.5568554308667739,,
,,,,0.3631831737353677,0.3101132940191219
0.44804195575339123,0.3226031630856915,,,,
,,0.6259416532188351,0.43902585337076505,,
,,,,0.40131988923645245,0.2703688449466799
0.42998856332287383,0.4088109124068747,,,,
,,0.5857070532179254,0.38281929936463777,,
,,,,0.4019455485976069,0.28154397352095195
0.3798262585640382,0.5472260284834747,,,,
,,0.606727405119718,0.44284807181596386,,
,,,,0.43673415684467365,0.05228653722450127
0.40588402481474184,0.4658543711481852,,,,
,,0.5895824732382473,0.5181318161165833,,
,,,,0.40017698356177667,0.34685129897063594
0.4365598724513492,0.35369747195489587,,,,
,,0.5783765248256223,0.5637264382042253,,
,,,,0.4609807975994582,0.18138593055464391
0.4520730879475634,0.25785315979160706,,,,
,,0.5771984109809744,0.5563934627205419,,
,,,,0.45182043573246233,-0.07046766594859433
0.42068137691820795,0.46138625077790807,,,,
,,0.5513884099929341,0.6238799120602951,,
,,,,0.3998711291151784,0.32944246190320325
0.4255006021457649,0.43261181208804833,,,,
,,0.5732535004675494,0.5740026408061264,,
,,,,0.39452726407198213,0.3517564157184575
0.40870591816482005,0.4629102616707681,,,,
,,0.5809475505859807,0.5507780530187294,,
,,,,0.3986156299854319,0.3547710610249414
0.4190919299937439,0.4904681744290593,,,,
,,0.5715726967178012,0.6167485744638447,,
,,,,0.38980759176303004,0.389478539460833
0.4954641914714667,0.19515643610145816,,,,
,,0.5936532068641318,0.5130655809516314,,
,,,,0.44143863866649513,0.03086393343682059
0.42945077535766696,0.4015320070329603,,,,
,,0.5380915907940108,0.7185256490596481,,
,,,,0.3776790585599843,0.46929919985261626
0.4312157891361622,0.3844804435497772,,,,
,,0.5622614701929515,0.6442723197158523,,
,,,,0.40231947077880426,0.3121029004546877
0.40104346006012304,0.5284249604236129,,,,
,,0.593711831921602,0.5093748519770932,,
,,,,0.42151200631220676,0.2526705462819432
0.43449316805603255,0.39098259015759795,,,,
,,0.5602355434292846,0.6675267927195496,,
,,,,0.38704487608411364,0.3925547773509065
0.44101731721421333,0.3799835694665904,,,,
,,0.5638957150300141,0.6418549354829259,,
,,,,0.4029463752339618,0.3077100349234363
0.42381431126808145,0.4531485994286064,,,,
,,0.5678105765148914,0.6193695279211215,,
,,,,0.40434125557518896,0.35726866108283284
0.4374854256813836,0.33842490456065233,,,,
,,0.5863644694876853,0.548326551686962,,
,,,,0.3710264275138577,0.4684107835842819
0.430064396271872,0.4100177835826543,,,,
,,0.605126403216488,0.4872803459656462,,
,,,,0.3871555051218377,0.3758406177262551
0.41950079402214335,0.42800055738630294,,,,
,,0.534411374420818,0.717861081526407,,
,,,,0.37636058338266554,0.40374106187339465
0.43453506851125034,0.38980455171440265,,,,
,,0.633314243248644,0.35397732563647843,,
,,,,0.3944164477504013,0.26161153219102773
0.42010941354747633,0.44399436679770965,,,,
,,0.6041498708084979,0.4635957996861795,,
,,,,0.4252005649361663,0.28160188004869857
0.43619635270434187,0.36393406133591144,,,,
,,0.5812794504528696,0.469919018312945,,
,,,,0.4522925831448106,0.08761469651722098
0.4727235373905614,0.26528347582872847,,,,
,,0.5978640842819377,0.5160647677700738,,
,,,,0.40844217492285184,0.27156394528590877
0.4053270323326049,0.477498820420476,,,,
,,0.5770657064778876,0.5713907700118828,,
,,,,0.4017525444473471,0.33642880370122397
0.45809792637166713,0.28744838067359124,,,,
,,0.5568087113326128,0.6783813967198551,,
,,,,0.40703600677956964,0.24734461873068236
0.4204556912128862,0.42885655843332027,,,,
,,0.607801862659316,0.4333273132552691,,
,,,,0.3970658465407316,0.3708716113268997
0.435769409470136,0.37302456053253086,,,,
,,0.5624473378305552,0.6249780762793249,,
,,,,0.3891829531327815,0.3589896957234251
0.4196797053724366,0.4639828690266815,,,,
,,0.6069407904667702,0.3800139392055404,,
,,,,0.4105410690581537,0.26578183295731506
0.4418597608092113,0.35642753729404597,,,,
,,0.612071153292179,0.411143073614314,,
,,,,0.38512600585357737,0.42713329100522435
0.43939086369396374,0.3607586367588905,,,,
,,0.6089695764769592,0.4693987896722631,,
,,,,0.4117583398528982,0.27525098793580904
0.4334054960967012,0.3873392419700369,,,,
,,0.5699218796250789,0.6073511851532911,,
,,,,0.40886544399676683,0.29664039353603866
0.4304451582837262,0.41275518537013545,,,,
,,0.5892411964365287,0.44898183440939654,,
,,,,0.4498402547846554,0.15522378719635466
0.41433300131731743,0.49211081740938123,,,,
,,0.584921265022552,0.4492914706326665,,
,,,,0.365625669157563,0.5045389489586138
0.4229121720812421,0.40981087243944836,,,,
,,0.6087927413836168,0.4273854542337674,,
,,,,0.42456487986523384,0.0822295491582159
0.43790086432201336,0.35670595260440996,,,,
,,0.5865736020770944,0.5287426711182361,,
,,,,0.4218992833668743,0.23112118571489637
0.4227875354529823,0.43208364711916747,,,,
,,0.5628244934988451,0.6362822850369922,,
,,,,0.44586151501796334,-0.009086579615608326
0.4323159064203749,0.3866514839177434,,,,
,,0.5537684128066636,0.6238292201095785,,
,,,,0.39186465874900545,0.38643295324423577
0.4320957470175437,0.38748113511433746,,,,
,,0.5794061016619545,0.5385777551941162,,
,,,,0.39853945101660926,0.31011302738715774
0.478144584371456,0.20581099434774852,,,,
,,0.6102182547432791,0.32978230488009996,,
,,,,0.4231251640696495,0.22527297952671377
0.45440206551734097,0.2198180322874721,,,,
,,0.5915225945598775,0.5213679678943248,,
,,,,0.40032115216924813,0.25737923212119374
0.4171904746125702,0.44231221722856695,,,,
,,0.5937779590350687,0.49613472397653935,,
,,,,0.38489651112268153,0.39266559220965946
0.4265543104403078,0.4201059507516094,,,,
,,0.5751817695310215,0.5823517377036094,,
,,,,0.37856674664760015,0.44618420497610467
0.4108053875874379,0.46047965960707826,,,,
,,0.6066836107766879,0.4821140092401899,,
,,,,0.4061060530351541,0.28386814733026233
0.4006516301915801,0.5003126770188226,,,,
,,0.594651329441201,0.49395206390220137,,
,,,,0.40948427799378206,0.33611712022102236
0.454850227656574,0.3279171525939053,,,,
,,0.5907847114302809,0.5036806069939684,,
,,,,0.33256608427512424,0.47721704218419303
0.4198480516438995,0.4463751608666342,,,,
,,0.585465507295911,0.5296465410982094,,
,,,,0.43859361416111087,0.19283095036028952
0.4254874121554757,0.42345737510037296,,,,
,,0.6319800068713161,0.4128633723858096,,
,,,,0.434377481605139,0.23122361635142696
0.4260243599473078,0.41806633470693333,,,,
,,0.5910006391251472,0.4883336893827772,,
,,,,0.43814787755790774,0.18605792609003868
0.43894760711972114,0.3825359778833838,,,,
,,0.5333349343522759,0.6954248270740966,,
,,,,0.3735108431607692,0.4434189065914802
0.4245007596066448,0.4460667421670428,,,,
,,0.6242243813767216,0.22358185893702243,,
,,,,0.38521235879363513,0.40984982221860966
0.41406166411550194,0.47577861957979506,,,,
,,0.5947074158300566,0.4795779829503498,,
,,,,0.40463045992473223,0.3428011806672864
0.4345367306793889,0.3795146244984742,,,,
,,0.5552912710559978,0.6803610493886125,,
,,,,0.41117586587319743,0.2844535050142698
0.4475357405860899,0.30148737515321267,,,,
,,0.5781086218265581,0.5729565487785453,,
,,,,0.41317262009200706,0.27788649910931806
0.47149603989181577,0.29729054242695985,,,,
,,0.5952749916002757,0.511006816187084,,
,,,,0.37720995099937105,0.3772478476426123
0.4220526777964061,0.44089157550869784,,,,
,,0.6218682809345998,0.42527101675135603,,
,,,,0.3900161648809446,0.32302452761578726
0.4396470435749067,0.3689945745939517,,,,
,,0.5717537427876032,0.6192667933774542,,
,,,,0.4285849061252577,0.23229863379400784
0.46526580413994234,0.3115913805411553,,,,
,,0.6223268242027706,0.3875421575253244,,
,,,,0.38710038750135334,0.3980946650547946
0.4606008393986012,0.31503857283872416,,,,
,,0.5595718912336499,0.6523724994023099,,
,,,,0.4147314243572865,0.23632853244520358
0.4418278894092482,0.35007949247515024,,,,
,,0.577204880378704,0.5715480535541837,,
,,,,0.42931663492156225,0.20810548741926282
0.41123672869143013,0.4589946376991748,,,,
,,0.5886979805403099,0.5161917876093789,,
,,,,0.38681872176409593,0.39639374673945427
0.4503113856578307,0.34415567116647183,,,,
,,0.6131348592709347,0.47903123302984363,,
,,,,0.38514323086377766,0.3835252085529173
0.47795118175677276,0.26963639802546713,,,,
,,0.6051133012958401,0.46933833163821315,,
,,,,0.39046376269820593,0.3921978148674722
0.4264836566406057,0.42331674297767574,,,,
,,0.5815248248976348,0.5579359336315782,,
,,,,0.3623443960511167,0.4878053640078791
0.4650292973473539,0.3007955399327433,,,,
,,0.5905611342284847,0.511043601281217,,
,,,,0.36921126480789834,0.402937586303725
0.45184918129744156,0.30107975640792173,,,,
,,0.610767261070714,0.46832644596982265,,
,,,,0.39082168703429854,0.3744344723058811
0.46197413949968225,0.26758351145036463,,,,
,,0.577179782099842,0.5283225266368814,,
,,,,0.4587618158202469,0.09212201389080421
0.43061816882473136,0.41438601789987495,,,,
,,0.5790195029681815,0.5441148704650975,,
,,,,0.42652869403862226,0.11466467926598334
0.42356367872784906,0.4470841764160812,,,,
,,0.5942483614671956,0.4544909550984505,,
,,,,0.39287688198008297,0.38246017910088304
0.41882083691450966,0.43639624049219783,,,,
,,0.568076015731704,0.6207844270256667,,
,,,,0.43417153173884737,0.16617626005930897
0.43298485237342843,0.3997220350840942,,,,
,,0.5811886369426023,0.564412692917514,,
,,,,0.3666608694444692,0.515848971475478
0.42876151682050145,0.4098877112753383,,,,
,,0.5925938853922353,0.5039211265518535,,
,,,,0.4220599607015404,0.16721671968812446
0.4114707010760875,0.46865188184805107,,,,
,,0.5821428295892319,0.5421677797346973,,
,,,,0.40145300842442866,0.35630704230945853
0.40679906522735054,0.4959855314085255,,,,
,,0.5997157149744057,0.485018507296171,,
,,,,0.3882749197002595,0.36342475734887203
0.401328995090096,0.5041884207361236,,,,
,,0.5939406827830416,0.494106214613674,,
,,,,0.44239090271005577,0.1363698210707438
0.4154569956746621,0.5127191378425258,,,,
,,0.5887249216490179,0.5082913692550378,,
,,,,0.4482198382634057,0.10184910360825583
0.4469880330469399,0.3372018252145229,,,,
,,0.5798993854084014,0.5581268716361898,,
,,,,0.36841429884155175,0.4462562315531915
0.43507060893520577,0.3717160092817058,,,,
,,0.6088266246009969,0.3682278167913162,,
,,,,0.3715729818289092,0.4625922952535262
0.4332441027477568,0.3623199297638726,,,,
,,0.5846919942965878,0.5390655957475398,,
,,,,0.377073795330525,0.43680377587609653
0.4161376497436635,0.47130115525932836,,,,
,,0.6016430567653588,0.48137830610941434,,
,,,,0.43489281086281373,0.19890104270266484
0.4386365258847945,0.3552629650256469,,,,
,,0.5712711302447504,0.5961290522250401,,
,,,,0.4478020376826022,0.18815218184329163
0.42941757225348354,0.4121700427686813,,,,
,,0.6012203395881347,0.4497639855463882,,
,,,,0.43102101461565856,0.157037226822477
0.4820472209281681,0.2702576684192384,,,,
,,0.5744946037012665,0.5883258757575438,,
,,,,0.3813482497667017,0.41267285976409884
0.4508335265464939,0.30484082755078634,,,,
,,0.5669157630572974,0.6016531243808358,,
,,,,0.4298152773765278,0.13636667389273438
0.42234442298423724,0.4535265599423338,,,,
,,0.6372391922808028,0.36530649548826777,,
,,,,0.3696959421890059,0.46299204156093066
0.39965204879551786,0.4982555825861906,,,,
,,0.5901792824741183,0.5122930050379917,,
,,,,0.4098588316610067,0.31551887789801303
0.40578528106364875,0.5113986744657633,,,,
,,0.6178499908384114,0.17670132358697166,,
,,,,0.42384356757750286,0.1895388375519116
0.4441009164613102,0.3313789262248742,,,,
,,0.5801195162789871,0.5628538638156578,,
,,,,0.4131959303863696,0.2989457097145617
0.49194151564895483,0.27082965674483106,,,,
,,0.5539297284376135,0.665420901922485,,
,,,,0.42215924306414965,0.2824290068024876
0.416435529303645,0.4871269715735488,,,,
,,0.5780232432893952,0.5631268314841462,,
,,,,0.3914013767860255,0.35829220282184815
0.41944312012537843,0.44214155351900153,,,,
,,0.5803617186002283,0.568053536467074,,
,,,,0.378258523546556,0.44473931411496626
0.42440603809786714,0.41783903121856447,,,,
,,0.5872451769480531,0.5173583474573911,,
,,,,0.3894183227952639,0.27869466263192944
0.45241104593880055,0.34238700207326,,,,
,,0.5842428835111182,0.5367192271854284,,
,,,,0.43872965193524327,-0.28533782471006774
0.40686184594947494,0.47777861159310775,,,,
,,0.5677837433547079,0.613768753613612,,
,,,,0.3977543560768083,0.3679236879698834
0.42825979551932847,0.42209706635719246,,,,
,,0.595790320481326,0.4416675961001785,,
,,,,0.44187122359257136,0.26376344665242946
0.4427705273579685,0.376299423119722,,,,
,,0.5654338711835517,0.6073047884596146,,
,,,,0.39219486577719864,0.39490036221961355
0.4051328075600612,0.4591987707688028,,,,
,,0.6282647782315542,0.4033708916590675,,
,,,,0.39792723284263765,0.3428154445471603
0.4246369505047356,0.4080525360037769,,,,
,,0.5583351211275928,0.6618174035519089,,
,,,,0.3815277591274947,0.4143601404427938
0.43313806623443696,0.3967740756577445,,,,
,,0.5943643661252298,0.48457487016098033,,
,,,,0.3998397095032631,0.3534471101080129
0.4170469517945433,0.4738846767314935,,,,
,,0.57655916489147,0.5831501865840273,,
,,,,0.37746781148326425,0.47082568531756175
0.4386111776221584,0.37899464578670283,,,,
,,0.5897170696756069,0.5386034069666625,,
,,,,0.42291340961330537,0.09602851209562435
0.49350250051167854,0.11421726795845066,,,,
,,0.5572472528106198,0.6648592699971134,,
,,,,0.4116534168457584,0.274896233410845
0.43463390441777294,0.38230393005684227,,,,
,,0.6113767923001165,0.47540466935884174,,
,,,,0.42094690066952156,0.17267640425005604
0.46818071497508573,0.3050311110701487,,,,
,,0.5957765970141461,0.4533965206205317,,
,,,,0.40834880713572874,0.2924015171061819
0.42697077080588985,0.42848516384591373,,,,
,,0.5657654319617493,0.5921840121612022,,
,,,,0.39566412522215144,0.37382856186539226
0.4033737783910374,0.46343755481223003,,,,
,,0.5638626656134339,0.6018380850730787,,
,,,,0.3908073655589873,0.36290014811324933
0.4209501286292383,0.4707495041703934,,,,
,,0.602845065495375,0.487619782514081,,
,,,,0.400752240833697,0.32968948646223317
0.41590213610536886,0.48639518351704736,,,,
,,0.5735653148165766,0.5950186247960703,,
,,,,0.398179408339428,0.3488572860554504
0.41916472625527346,0.4755096523114929,,,,
,,0.5883563975717011,0.538842447626082,,
,,,,0.409315716088651,0.2856818177938677
0.40453017726675145,0.5009992812414641,,,,
,,0.5759889598198168,0.5783453461999166,,
,,,,0.372840641828327,0.4118939283435724
0.4348878191640916,0.3555219261846978,,,,
,,0.605320378954592,0.47255049160303353,,
,,,,0.4365186788389105,0.22709040148807114
0.4242983603360979,0.4542569866069083,,,,
,,0.5795242701350822,0.5670853096530567,,
,,,,0.3958789484001679,0.3356837466385696
0.4487017332922473,0.2267092804347357,,,,
,,0.5484347724413123,0.6547862900230796,,
,,,,0.38716582697773616,0.364398854948352
0.4302921995025203,0.3987033669226745,,,,
,,0.5732058850376518,0.6051346439543545,,
,,,,0.3869923240874319,0.4261670025739598
0.4884813550734378,0.24151776931289304,,,,
,,0.5894840633207422,0.5215060856442473,,
,,,,0.3603613929627245,0.48850687283812844
0.4308319006923943,0.4036817948074791,,,,
,,0.5573267975841039,0.6589205538339347,,
,,,,0.39255581907856896,0.35708621757392334
0.41657665746620387,0.4712954458263472,,,,
,,0.5832824173391254,0.536256172876985,,
,,,,0.4472038841348298,0.2585608960201422
0.4573366197262355,0.3261130091421267,,,,
,,0.6152901419164759,0.42163770138396406,,
,,,,0.40156691925436083,0.3541374895115712
0.44251471201342185,0.3781663849769632,,,,
,,0.616976280784926,0.4667612422950582,,
,,,,0.3879747236200902,0.3795092705306179
0.44193642485224827,0.3417442209164975,,,,
,,0.5960866788543876,0.4921112584353975,,
,,,,0.4580022528092059,0.09603797800501368
0.43090629983115647,0.3614667677833452,,,,
,,0.6189044124742866,0.3000867470913602,,
,,,,0.3681797427960807,0.47456965478058954
0.40852095607385297,0.49759135390520615,,,,
,,0.5939742040467149,0.4979091703740891,,
,,,,0.3898618237629582,0.3867220474010119
0.4114563883710953,0.5319673437279224,,,,
,,0.5410989957797712,0.6850229837264055,,
,,,,0.41958352444472347,0.30115916065812565
0.47062904163647445,0.2836219068002086,,,,
,,0.5684929764053794,0.572916448520596,,
,,,,0.4158109680279637,0.2744511790812382
0.4296116562637744,0.4020147496834874,,,,
,,0.5972468805142799,0.4854024565725509,,
,,,,0.3857185289719365,0.2594239036048269
0.427888494591821,0.42699306334386933,,,,
,,0.5634046633731626,0.6402655001805736,,
,,,,0.39358617040459953,0.35688740571522193
0.4514968646072468,0.3018507370132413,,,,
,,0.5691313518165649,0.6216010909984473,,
,,,,0.41955572478737113,0.2644872540716
0.4523647180807363,0.32775683810238343,,,,
,,0.6068035052884411,0.4655609336110478,,
,,,,0.42526629777865466,0.19259284090116546
0.44374420245761625,0.29020065139852436,,,,
,,0.592287524391454,0.497645625942042,,
,,,,0.42323976766248383,0.23387864274606018
0.4002691676888116,0.532177725313165,,,,
,,0.580777026276605,0.5640871465465195,,
,,,,0.48266358312722335,-0.48497328795612926
0.3960162713820571,0.5146496846660107,,,,
,,0.5711931906138014,0.609012395795153,,
,,,,0.46433489545274453,0.09310762892031843
0.43437020524285397,0.36757097863127,,,,
,,0.5802736748189448,0.569905504507244,,
,,,,0.4193056969847321,0.2698690809902292
0.4466804182787586,0.26746455623705756,,,,
,,0.6222355015868206,0.4079383328522268,,
,,,,0.39804475692115815,0.3659783657979203
0.4174220974099061,0.48215043446269656,,,,
,,0.5649187055363379,0.631884073726117,,
,,,,0.38950279530714405,0.4028607457213317
0.49142259271272615,0.09191444825123762,,,,
,,0.5657550623122164,0.6279665856523158,,
,,,,0.3883531556925104,0.3906944004319366
0.42689239394765277,0.3849098143459797,,,,
,,0.5597660145915176,0.6821006466081766,,
,,,,0.3917464499703007,0.3525496751599737
0.44305578414533264,0.3647025840998427,,,,
,,0.5884304439499308,0.5314932552757126,,
,,,,0.383455440333236,0.431712389752388
0.4064514146093201,0.531737843117287,,,,
,,0.5884598095819835,0.5233521011490551,,
,,,,0.3922997545636787,0.3541910239263635
0.4507464244153013,0.3426159464627615,,,,
,,0.5528524710310825,0.580052692684536,,
,,,,0.38927755443880285,0.16522953979775723
0.41434971075240834,0.45335753075579355,,,,
,,0.6077892859614058,0.4577939869533407,,
,,,,0.42894952309713985,0.18982113892042574
0.4308323332211874,0.40069478406621417,,,,
,,0.5879336365537432,0.5329502203395069,,
,,,,0.42467450405766527,0.2621005708599705
0.4551279475676311,0.30018913044321816,,,,
,,0.5699123876181127,0.5743328151850875,,
,,,,0.38746385827282026,0.37711576748022635
0.43060892129731276,0.3990900999346534,,,,
,,0.6105364766769068,0.4702855701312608,,
,,,,0.4005750324249767,0.34175711971062883
0.4581834379384312,0.15877745494596818,,,,
,,0.5645169118165931,0.5867014272346056,,
,,,,0.36625767177804314,0.4657771815164533
0.4258076223505246,0.4376235476066134,,,,
,,0.5892019569567402,0.5219991548367457,,
,,,,0.4315412715932645,0.14549516819838215
0.4387657528464308,0.3514776188765566,,,,
,,0.5745067097530419,0.5924001665002803,,
,,,,0.41799273425078043,0.27336908276990646
0.42517935200093737,0.42444254328904396,,,,
,,0.5748820282592115,0.5827290132166799,,
,,,,0.43561831543993346,0.19168381164662018
0.4355550067738305,0.3881747022981187,,,,
,,0.5828801960320353,0.540812024733815,,
,,,,0.46126938570505926,0.08414891017277903
0.41436139992625864,0.4699968001793233,,,,
,,0.5956061374713943,0.4785279794212344,,
,,,,0.4073387178736424,0.3000041927751177
0.4644583230981332,0.2681138976565707,,,,
,,0.5774895827510371,0.5862433978672845,,
,,,,0.4520515314815885,-0.1445479595617687
0.4009185652696662,0.478809244488941,,,,
,,0.5596561464439664,0.6325739539753593,,
,,,,0.3864815167655471,0.3618864489434478
0.4330257646926491,0.40168851006301853,,,,
,,0.5333937419836763,0.7170851791623736,,
,,,,0.3784950169583494,0.44991639790739035
0.45121312829772,0.335902870365284,,,,
,,0.5710397643671137,0.584176364304436,,
,,,,0.42312287431859286,0.2644197672213049
0.42497843060352714,0.4384135665014415,,,,
,,0.5694860811567278,0.6139709598434335,,
,,,,0.3883547568161233,0.39272866528005235
0.43814588818411415,0.3849603613420537,,,,
,,0.5459102885291525,0.6657908839573743,,
,,,,0.460955710460624,0.045962396285977536
0.45324427138021817,0.29858348939440016,,,,
,,0.5920286631945612,0.5124142869664556,,
,,,,0.37611427539469866,0.47822810521795034
0.41036825877547134,0.5107215269515077,,,,
,,0.5946080019004794,0.4940758468787958,,
,,,,0.39384625403882956,0.33366702265298076
0.41475887902991726,0.4788560979312009,,,,
,,0.5822555653344315,0.5522760301354133,,
,,,,0.4216908809165165,0.2191019814973577
0.44690394437164505,0.2866762386979863,,,,
,,0.5851355592518095,0.517291671165383,,
,,,,0.3859858375142583,0.38229236386112553
0.4152289215638464,0.49351809119562484,,,,
,,0.580940178114264,0.5662906595792019,,
,,,,0.37256624588608556,0.4723919237389874
0.4209212304401746,0.4617762800015347,,,,
,,0.5895014972898899,0.5186645498709097,,
,,,,0.4276492835536605,0.17443039431870966
0.41004506563334087,0.5109622793240751,,,,
,,0.5932878024348247,0.5241951256810387,,
,,,,0.3879759157755298,0.4179609263056533
0.4356076435833799,0.37765008682407397,,,,
,,0.6050006595562026,0.344292422111102,,
,,,,0.4064867866819548,0.26345689025012764
0.409159992905922,0.5076413828904058,,,,
,,0.5933105632626392,0.469063838949873,,
,,,,0.4197268782539787,0.26373094080672865
0.4412210914791388,0.36387865278031784,,,,
,,0.5727733247343421,0.5957872054977986,,
,,,,0.4228971171805965,-0.03582024256220517
0.46665007940032455,0.28855711622925684,,,,
,,0.5929864573353406,0.5124707382543043,,
,,,,0.4111766135084942,0.19553114524504034
0.43358583361502423,0.4065276646746032,,,,
,,0.6062821676475376,0.4438876231682807,,
,,,,0.3836728096349453,0.4427408616893379
0.46125930321640907,0.3059239102218575,,,,
,,0.5717140606059682,0.6211867641393369,,
,,,,0.38501134308162077,0.3814717342574946
0.46674615137652464,0.2743744081830518,,,,
,,0.5898771038951915,0.5074183298797639,,
,,,,0.4102318422427649,0.278791630168557
0.4380446279520799,0.3563731501700578,,,,
,,0.568875899508279,0.6097611209558335,,
,,,,0.38150915653989403,0.40989424443622735
0.4267418175018516,0.4309472594706869,,,,
,,0.5678043223315805,0.6001119033041342,,
,,,,0.38412071589731633,0.3773312924958153
0.43706742448105973,0.3733622672808965,,,,
,,0.568659320600527,0.5847723744205298,,
,,,,0.38495028105504403,0.4258977817613905
0.42945835913424835,0.4094629013219502,,,,
,,0.5562596331224229,0.6208567272853422,,
,,,,0.3915209168955278,0.4053587666565144
0.4428202113492188,0.29872174638983984,,,,
,,0.5762181877861929,0.577157698148578,,
,,,,0.4252132882024926,0.1804042893111496
0.42685970085169567,0.4248374448635356,,,,
,,0.5819732830171597,0.5101099468086927,,
,,,,0.39039348375617255,0.4112114811412402
0.440567300796461,0.3333495106846379,,,,
,,0.6074352899928834,0.4150432617771028,,
,,,,0.3706748423704508,0.525331337629388
0.4523530899494965,0.30554530628273513,,,,
,,0.5604737331752634,0.6842112684114943,,
,,,,0.43149671599591854,0.1496006768166801
0.4104487293703366,0.42798854793263397,,,,
,,0.6077188758935339,0.3519911214698439,,
,,,,0.41573667743950615,0.24912027727781083
0.41395059040156923,0.48311035554807413,,,,
,,0.575517497531425,0.6011703988339727,,
,,,,0.4588371710838117,-0.015435531401490898
0.41126308126500377,0.49986876363046784,,,,
,,0.597536739255927,0.4968992927115682,,
,,,,0.3937714293423157,0.3367946899427383
0.4419556630424307,0.3581573811660337,,,,
,,0.5718579276983058,0.6174845066216509,,
,,,,0.37767425299623925,0.4296712162941563
0.45135181389325363,0.33733075448519667,,,,
,,0.569252400502722,0.6448420877186578,,
,,,,0.3817793371085435,0.4181476220421456
0.41181652927861956,0.4496159181489807,,,,
,,0.5311461931776231,0.6054832304975948,,
,,,,0.4220778512280121,0.19420037812431623
0.43751950158084596,0.3679305689930009,,,,
,,0.623822201652577,0.43393504276855843,,
,,,,0.43241689739791744,0.16819644402834866
0.419166592114265,0.4260393102482991,,,,
,,0.5946964901843766,0.5091991053339517,,
,,,,0.3772305686766859,0.42948971667216596
0.4364617935342505,0.38455476789632903,,,,
,,0.6123343409279424,0.28780948168766707,,
,,,,0.3854586083475491,0.41002043082853823
0.4522876460722268,0.356363494704234,,,,
,,0.5833480969951812,0.5203480247534508,,
,,,,0.358257784640883,0.4579281079717592
0.4122850815794199,0.46372706575121403,,,,
,,0.6003655823318409,0.48418667964259077,,
,,,,0.4362336243813142,0.08293523930693336
0.41007609527085,0.4994943416616957,,,,
,,0.5763756225129324,0.5845723046196609,,
,,,,0.4072834723526655,0.2890084357705184
0.39724422487941957,0.46049556233873945,,,,
,,0.60299982720616,0.3931102235963321,,
,,,,0.3993013723481824,0.3210725766804068
0.41791464231998054,0.440533958138586,,,,
,,0.5952406538755066,0.4688910502238046,,
,,,,0.38313101706112407,0.38811107604633377
0.4272419286680962,0.42196681638545985,,,,
,,0.5390026257711339,0.6780621648505305,,
,,,,0.3858765689526391,0.38298604778700474
0.4240109084251714,0.4357068875710588,,,,
,,0.6104741902134383,0.4371894340631971,,
,,,,0.4248069733614389,0.1946110902388185
0.4336089733486709,0.3812244755961468,,,,
,,0.5706654279583107,0.6073709670446119,,
,,,,0.3905470301425342,0.39611805561079794
0.4287619193845059,0.4134907797659668,,,,
,,0.5878544295948727,0.5027786878144065,,
,,,,0.3880879800804675,0.40948359786684874
0.47654651480119614,0.2350326751659284,,,,
,,0.5500733766995927,0.673867412752533,,
,,,,0.39470405452070123,0.38103006063967515
0.4149646678287061,0.4564677328365694,,,,
,,0.6245314402082339,0.40515931833155183,,
,,,,0.37798566261316535,0.41764858742575406
0.43680455819611563,0.3913943223688473,,,,
,,0.5626449836883152,0.6332786353731832,,
,,,,0.3814304413652767,0.436074514124826
0.4358458066639834,0.37947737641265544,,,,
,,0.6030704909520879,0.4517300289524403,,
,,,,0.37863170829015025,0.4438558566695653
0.4151657376767479,0.49568582980411446,,,,
,,0.5809590787914937,0.5550476785319693,,
,,,,0.4232065176217118,0.2951009812417169
0.40916619014208644,0.454104149847962,,,,
,,0.5950638626832541,0.45155716912637656,,
,,,,0.39308236016504194,0.36941046364849706
0.43087162990169015,0.41460102015178024,,,,
,,0.5856307742359629,0.5425230573085542,,
,,,,0.390565223608216,0.3624522817832563
0.44238549412343786,0.3675839517156311,,,,
,,0.5681411437552606,0.6183040291387195,,
,,,,0.44661140233918173,0.2335200942433474
0.43989333632951544,0.3316725329058079,,,,
,,0.6023506163486343,0.4831272749256118,,
,,,,0.3659879425176783,0.48266602924960855
0.42489963616886073,0.43341708178945826,,,,
,,0.6032956517323209,0.42077462786685627,,
,,,,0.43039778882330115,0.21206124869728593
0.4280835378865937,0.41964346279465603,,,,
,,0.5825571747848668,0.529396999125817,,
,,,,0.40916546221794503,0.2970755087702085
0.4238576703495913,0.4416210388349544,,,,
,,0.5563547932000579,0.6306583401875699,,
,,,,0.4416152423607943,0.030066155529128502
0.4242848561732967,0.4293359998816728,,,,
,,0.5734674226829035,0.6098576969726424,,
,,,,0.39562238377210923,0.3617438797600755
0.41732717998414504,0.4384172152516911,,,,
,,0.5638962555611937,0.6467061916554537,,
,,,,0.3553034076289303,0.4944058474636944
0.4601439909532221,0.09602476484582922,,,,
,,0.5630547161070103,0.6520470197979213,,
,,,,0.44554968699433606,0.04657496802461747
0.4181497889348983,0.4840982035489312,,,,
,,0.5847018390523007,0.5413801177571151,,
,,,,0.40153399968938464,0.33448620648906846
0.42224346074014474,0.4330815362199961,,,,
,,0.5891030298838599,0.5333002704555065,,
,,,,0.4795070183298157,0.014409758272844408
0.42936602086842446,0.4116065465762173,,,,
,,0.5806837347339817,0.5492914814460051,,
,,,,0.45395010995924234,0.2074601831787497
0.42087773565462583,0.4325238613040724,,,,
,,0.6188238305313918,0.31220907160132105,,
,,,,0.4534593696471818,0.1954492186895015
0.4107765773703421,0.4757883507903323,,,,
,,0.5818024164673843,0.534685466799556,,
,,,,0.39964096213416833,0.3301323386454088
0.45411168462932927,0.3424660428708224,,,,
,,0.5631064270485588,0.6405736108380189,,
,,,,0.47652678879366994,0.028028026725145372
0.4385162033506276,0.324499017368017,,,,
,,0.5793522940098853,0.5619353077834147,,
,,,,0.4568144352051565,-0.0004877843392265824
0.43082451608293026,0.405806627737737,,,,
,,0.5832091423673451,0.5122428871758886,,
,,,,0.42251739776209585,0.2693401852958718
0.4281952615779091,0.4177612254210805,,,,
,,0.6029605540898675,0.4745646806545236,,
,,,,0.45083637862783554,0.06289310434502882
0.41453834537488,0.4476908335178179,,,,
,,0.5949648289466074,0.5193632926617188,,
,,,,0.3988575929985245,0.34190535329318517
0.42126066958456054,0.4585780233264384,,,,
,,0.6121397004781258,0.31782515073532236,,
,,,,0.442053232557321,0.18853416213235508
0.41034997156663366,0.48502455952018453,,,,
,,0.582108027087818,0.5595565949690275,,
,,,,0.4172525375357322,0.24616757656820665
0.41856803057348646,0.4497730377043737,,,,
,,0.5747904090606926,0.5778294696178863,,
,,,,0.3688962470809678,0.4079270815263193
0.46600444591418355,0.13874019592530784,,,,
,,0.5911321856784366,0.5332168090551561,,
,,,,0.43430700096234387,0.1775623352863751
0.45312999741148474,0.30999034729508124,,,,
,,0.5476814859735186,0.6804091327244295,,
,,,,0.42774297143139706,0.24319564253757298
0.437504876009594,0.3619237300324306,,,,
,,0.6459247179792122,0.19718013127731726,,
,,,,0.4386014088389718,0.2190616817723935
0.4075418673718101,0.463891644105493,,,,
,,0.5999755449523021,0.42520045425426156,,
,,,,0.4494037960249322,0.021117608001168797
0.4029653750933416,0.4981032578221515,,,,
,,0.558660572412978,0.6133687290556291,,
,,,,0.4460741673911317,-0.037638653390414056
0.4253422716007371,0.4358672517958032,,,,
,,0.5806534631768064,0.5647765924549366,,
,,,,0.4605403982152583,0.19757975763968771
0.4725424595097548,0.270877566239936,,,,
,,0.6029430693624567,0.4413218674445992,,
,,,,0.40389168198571934,0.3342095320085101
0.4265887122942249,0.4035898660122612,,,,
,,0.5735759201802235,0.6073274187583098,,
,,,,0.3528718475103749,0.4354791054095354
0.422303187964312,0.44413760931710433,,,,
,,0.590034633264296,0.514928341246677,,
,,,,0.4059786029954492,0.31518800123000146
0.435842697291405,0.38745547487138354,,,,
,,0.5868605770175093,0.5280235234328543,,
,,,,0.38353451682396533,0.42002660434865857
0.4138694717651801,0.4773235979865539,,,,
,,0.5596607372381239,0.6262777901646477,,
,,,,0.41727516563806377,0.2129728093759341
0.4058059586437245,0.5246003844548746,,,,
,,0.633327807688255,0.2611105962428486,,
,,,,0.3576655648953676,0.523702979709303
0.42540569687176233,0.44134946536233544,,,,
,,0.5982307742313269,0.4609259672327012,,
,,,,0.4567027855166971,0.1729478906564763
0.4263216293082044,0.42698211323981783,,,,
,,0.5688742639025237,0.5935767969597989,,
,,,,0.3755950203313382,0.4435500975038532
0.4275764726530542,0.42584637635138833,,,,
,,0.5838947836723039,0.5293138769003676,,
,,,,0.41675408415306925,0.2585861363719453
0.42950513098514576,0.4118819343903266,,,,
,,0.5718108660534267,0.5772236364206171,,
,,,,0.41260004264516204,0.18624422345205816
0.4812206695021346,0.23687453467403274,,,,
,,0.5996601396840471,0.4925237555218219,,
,,,,0.4251792368650238,0.24382472367788866
0.42862713483747583,0.39157908318719103,,,,
,,0.5909793069296767,0.4984994025205164,,
,,,,0.4163417031603731,0.24721190505422108
0.42489821743971723,0.4355514247542349,,,,
,,0.5857530560860278,0.5467968131430522,,
,,,,0.3784166047321442,0.4319196893826983
0.4432113687410082,0.26114355783272525,,,,
,,0.6492369838897072,0.2738658707649092,,
,,,,0.3912733111234914,0.36464967045163843
0.44899002167869706,0.3658194419370171,,,,
,,0.585594816887256,0.5124153609300988,,
,,,,0.4104715937149306,0.2739838445575985
0.4356350699796653,0.38743783306556434,,,,
,,0.5840329021201989,0.5588032467258279,,
,,,,0.4227890574134072,0.24732132102461435
0.41878585914011734,0.4760677240616661,,,,
,,0.5932710299039492,0.49074423855154636,,
,,,,0.378831227492865,0.41534434916907736
0.43547627122676114,0.3503997555239844,,,,
,,0.569100139992329,0.6098511662932752,,
,,,,0.3894534182772582,0.3653790071367402
0.4922610670803299,0.24673701647106538,,,,
,,0.5957731430443196,0.5115561570715178,,
,,,,0.4136263650305948,0.28928019022300566
0.4472651301642807,0.2955291498321718,,,,
,,0.5834275421351,0.5569342671342554,,
,,,,0.3726642309739918,0.4223172387819156
0.46199863329215596,0.3235627334361165,,,,
,,0.563104156315759,0.6078796345367048,,
,,,,0.3919193091762134,0.3708871430214644
0.4751053500906277,0.0647961237936504,,,,
,,0.5604908198960075,0.6806098724226062,,
,,,,0.39906503269058025,0.34824456174262497
0.46759090902415645,0.2677198945982281,,,,
,,0.557640857200663,0.7357926068053533,,
,,,,0.4145009292905597,0.3084467927520711
0.4172861916937626,0.4498345610837903,,,,
,,0.570576385982527,0.585302809028982,,
,,,,0.3457832879260948,0.49100248397410406
0.41432408682733257,0.4671450117892578,,,,
,,0.5763624600158732,0.5304227787997675,,
,,,,0.40334806940147805,0.32815364643784917
0.46121405169005736,0.170985676386035,,,,
,,0.5730281914305184,0.6080590454276451,,
,,,,0.3927343147720187,0.39605552878559047
0.41888977734978405,0.45835281871086275,,,,
,,0.5838299883895506,0.5423729132955657,,
,,,,0.43099085531235404,0.231719922212138
0.4215953552234616,0.46111020616139287,,,,
,,0.5755261109892406,0.5796651993910094,,
,,,,0.42023510126518915,0.2234964579326124
0.4311630012567348,0.370652493246575,,,,
,,0.5708268968937732,0.6021465576004443,,
,,,,0.40154677236120406,0.31996911122771654
0.46250339471619384,0.2547031016546032,,,,
,,0.6131135715040132,0.46347564166490507,,
,,,,0.4299873040253077,0.17172207271446716
0.4338408002127566,0.38708059996234745,,,,
,,0.5982275427256624,0.48998902370149167,,
,,,,0.37268836404924843,0.4444737684164365
0.4408511109208574,0.34125617886794435,,,,
,,0.5608447422735373,0.6209025696870096,,
,,,,0.44986443842863544,0.1335515289507314
0.4433017080929693,0.3536576539942523,,,,
,,0.6239724975262251,0.3538105028571834,,
,,,,0.4032939942713146,0.3038695645163916
0.42575270053584546,0.3887850123088551,,,,
,,0.6003835375633333,0.39262291680062644,,
,,,,0.4750136405263049,0.09885693552642816
0.4669737037064642,0.296985781093143,,,,
,,0.552891725783971,0.6898388343218798,,
,,,,0.4191232353996448,0.25285392420948727
0.4289963145582272,0.41189736720914416,,,,
,,0.5769634468365898,0.5741071465207643,,
,,,,0.4276434359865885,0.21934062885025063
0.41464382625649265,0.4980440412766136,,,,
,,0.5829575020519562,0.5398022506099358,,
,,,,0.3561211725357488,0.46822551041106
0.42417540135855314,0.4341480972898758,,,,
,,0.5780240582528418,0.5688405010114299,,
,,,,0.4178184555350515,0.32629722277991735
0.4167782337506223,0.4953649243346895,,,,
,,0.602322410336046,0.510275925314108,,
,,,,0.4161332796042647,0.2524700526239647
0.4485596530564805,0.29349621429533024,,,,
,,0.5860859786471566,0.5411923641998939,,
,,,,0.355449526813151,0.4160773035672105
0.4370354521218385,0.3872876905558945,,,,
,,0.6133840449060062,0.39324945402095,,
,,,,0.4594605146448938,0.05871602475293414
0.41344273893493433,0.4895609732208128,,,,
,,0.5664913382218695,0.6147661958487934,,
,,,,0.4268807539995101,-0.09502481328972556
0.4407361580193272,0.3186245487384701,,,,
,,0.6221822661950009,0.32989534680536114,,
,,,,0.4307290023601388,-0.0318828981038044
0.47345443727556835,0.2775118011580344,,,,
,,0.5708219855386067,0.6232012773014424,,
,,,,0.41579985533819097,0.27411762603452117
0.44513573553630603,0.30545058903323286,,,,
,,0.5393008407292468,0.716803711938238,,
,,,,0.3942539472502211,0.36379040483734637
0.4456763663823897,0.33268307000161956,,,,
,,0.5725065925603541,0.5901769773302774,,
,,,,0.4101740542093598,0.26543247555201166
0.4053097079320055,0.5285381137654808,,,,
,,0.593398467264856,0.5113585777993093,,
,,,,0.3955722387483753,0.36682931773888416
0.43178534040441685,0.3930462000926419,,,,
,,0.5883016603232317,0.5191384332900535,,
,,,,0.4195496998644973,0.24070809659561443
0.43152678894479124,0.408982575502325,,,,
,,0.5608546142785649,0.6134883230227162,,
,,,,0.3649132693733076,0.4471166098457465
0.46346368244979974,0.1739495473030368,,,,
,,0.5758613334225435,0.5741616301575931,,
,,,,0.3819327176083933,0.3984203893551326
0.4082982498864698,0.4955325388200398,,,,
,,0.5582820941864481,0.6868452252508637,,
,,,,0.3788838745244075,0.41807991111699216
0.40824568213235435,0.5009708083172975,,,,
,,0.5740706430315835,0.6024813467538485,,
,,,,0.40769266953933736,0.29293168988270035
0.43126805532440826,0.3851672301853918,,,,
,,0.5721119243923762,0.5627334073610586,,
,,,,0.415811976579638,0.10682596646400433
0.4324842904501178,0.3825798265168937,,,,
,,0.5858213056319086,0.5395958637604916,,
,,,,0.42759919898112764,0.23689580475800343
0.43823635543945827,0.37045721524829034,,,,
,,0.5968743407029036,0.487606771499679,,
,,,,0.42085995409746113,0.23459460102524288
0.4289120341215037,0.39933268489579554,,,,
,,0.596246315378878,0.4659987909762545,,
,,,,0.37806444274031215,0.4020277295567892
0.4056305630039012,0.4720102553968396,,,,
,,0.5731458702579926,0.594901825087047,,
,,,,0.3780829215808379,0.4205851045306409
0.43510961961408434,0.3548557246817484,,,,
,,0.5570187144512608,0.6225666628803955,,
,,,,0.39702072817558676,0.3426938938318669
0.43917781499382,0.34827859944767403,,,,
,,0.52538560743192,0.6938969895219604,,
,,,,0.40690668940183106,0.33745877988778417
0.42231234082716906,0.4603971186156405,,,,
,,0.5997485690063717,0.3792134404642542,,
,,,,0.38855307686089335,0.3886263452410018
0.42772216441075406,0.4262042404507721,,,,
,,0.5925436009688445,0.5018206191641725,,
,,,,0.38204124313761845,0.3199080908136983
0.43998166962014884,0.37025859074839995,,,,
,,0.5538845505660883,0.6417131698861858,,
,,,,0.40557522133889623,0.3370067586764933
0.42251502547555764,0.4157435595559428,,,,
,,0.5572367540908932,0.6121918757240739,,
,,,,0.42366293715746206,0.27569330038099404
0.44157528902656784,0.3493586695094808,,,,
,,0.6025400421411049,0.48355824473733977,,
,,,,0.4249080865505974,0.266829776964728
0.43919442467629954,0.3641671801432229,,,,
,,0.5953730019919607,0.46654431789441186,,
,,,,0.39707066914606215,0.3409924733930918
0.46535915870285915,0.30630660906882257,,,,
,,0.6061545547271686,0.48854874800361625,,
,,,,0.4055778285646311,0.293089877265467
0.43548051371097296,0.3770178900401183,,,,
,,0.5962894351080916,0.48952101544895266,,
,,,,0.3903971368973882,0.369224435111002
0.40273539614328324,0.4847179534856073,,,,
,,0.6012849680922878,0.43274418627671607,,
,,,,0.4222577206241531,0.28075092214308917
0.4338803856997939,0.3660388637690789,,,,
,,0.582952462267442,0.537858790082952,,
,,,,0.4146858014826261,0.20661574829741403
0.44014415899798576,0.35246937696926506,,,,
,,0.5880021631727088,0.5442833172728978,,
,,,,0.3830506908996626,0.41108449163734784
0.4462012621571785,0.28993056174470955,,,,
,,0.6202939123303266,0.42139228203723267,,
,,,,0.39645076856914263,0.3798230065899494
0.46713052755091267,0.0757065578382824,,,,
,,0.6203810485405803,0.4265756145669495,,
,,,,0.43889878878454036,0.1622444872279093
0.41956922783013373,0.4541126182808798,,,,
,,0.5970704347517933,0.470996250727035,,
,,,,0.4386159885075087,0.1389040682468905
0.42046266748459293,0.39945221700913125,,,,
,,0.6053851527197484,0.4257124220993911,,
,,,,0.430365364034091,0.2529778173261147
0.41467786978421506,0.46845654993800545,,,,
,,0.5736356491240061,0.5848885454220001,,
,,,,0.39283683681485737,0.38176719485760424
0.4588911391199024,0.3316583830599087,,,,
,,0.5669059848557639,0.5926583057594417,,
,,,,0.3711828979147437,0.4349268384202515
0.3936628213426365,0.5570702626896661,,,,
,,0.5837207453684896,0.5215990418388624,,
,,,,0.39746982717715074,0.29362031757026674
0.43668320416421413,0.39309786848032247,,,,
,,0.5652902871364458,0.6418327076159529,,
,,,,0.3877303770886147,0.3891196666411434
0.4294780352888914,0.37806229893368315,,,,
,,0.5891149857750838,0.5250605456219909,,
,,,,0.3820765681047871,0.47322685374556694
0.48580711124933706,0.15303228452845796,,,,
,,0.5800678491894564,0.5235663817823473,,
,,,,0.42812054091399543,0.25709918998735093
0.442722095468845,0.3260651328015325,,,,
,,0.5873803587176976,0.5347265420370839,,
,,,,0.395242557839258,0.38819490831881387
0.4246056345433814,0.433862815138071,,,,
,,0.5713876469610806,0.602729384677136,,
,,,,0.40643272037805944,0.26236210110622726
0.43143302477703516,0.4063875150711723,,,,
,,0.5973868984823287,0.49387083475658833,,
,,,,0.42254254207831043,0.11226662506349738
0.42546448275030935,0.40476096111501947,,,,
,,0.5955205047633296,0.49034767490236575,,
,,,,0.37184680378573975,0.506487201742253
0.49921175325147693,0.14571759219693958,,,,
,,0.5685959851977644,0.6204755653790948,,
,,,,0.38430597184961446,0.4318379752429151
0.41938704477100874,0.46867777462470717,,,,
,,0.6177274224669751,0.3915568878297194,,
,,,,0.39153091815650976,0.35929147964378005
0.4552922301126122,0.1304584584004993,,,,
,,0.5756200277981585,0.5692473573189094,,
,,,,0.38690023789075956,0.385725784048517
0.4526643785592174,0.3008025573953449,,,,
,,0.5893377777029829,0.5227970286330614,,
,,,,0.3894597873478902,0.40892839281268833
0.4435498494468908,0.35784444846529817,,,,
,,0.5897204291912861,0.5322794687365402,,
,,,,0.36678790420682506,0.4697255302470307
0.44585142107148157,0.29826723066148364,,,,
,,0.5741784982318356,0.5926747347214666,,
,,,,0.3845146536442491,0.39317665545037017
0.4258586260014128,0.41445783145172055,,,,
,,0.6119263989546537,0.466646493422858,,
,,,,0.40720588262168256,0.26447283342829464
0.4647300838763254,0.2406035406754623,,,,
,,0.6086792116893863,0.44595548298491805,,
,,,,0.4070103379647598,0.2851082415339814
0.45859983724527253,0.26748079602768216,,,,
,,0.5645393406539547,0.6295646758170304,,
,,,,0.4616754847202156,0.0018647491242191894
0.4238350537196669,0.4185022687512877,,,,
,,0.5480155057608227,0.6580461777365815,,
,,,,0.3557907735694996,0.4586885089523207
0.40081984441126406,0.5488300745982693,,,,
,,0.5982928954174682,0.5029435644489664,,
,,,,0.41582532385573123,0.26407224412384034
0.4698514100603378,0.27641775998712614,,,,
,,0.5825359350392444,0.5327125883844881,,
,,,,0.42257995344219157,0.19179412890809266
0.46048968936607915,0.18223166251678324,,,,
,,0.5699017855223616,0.6061506934683147,,
,,,,0.4500349096368659,0.22591339453747383
0.43000621310931786,0.41187216333188137,,,,
,,0.5811513082078981,0.5349569101493774,,
,,,,0.4190942451815437,0.2685535201646413
0.4110634376265204,0.5134529993454966,,,,
,,0.5725514468162343,0.573265253128685,,
,,,,0.48294113322838894,0.0027526826313589714
0.4383724150293755,0.3582678951707655,,,,
,,0.5537547056304808,0.6951337854888614,,
,,,,0.3698555594224161,0.44382454644096725
0.44514072680018846,0.27370158948259926,,,,
,,0.5725570940487679,0.598913957154527,,
,,,,0.3895819503813547,0.35399688667163265
0.4447026760713704,0.36511144485054914,,,,
,,0.5746281341701107,0.5892029160125933,,
,,,,0.3947804282577707,0.35131926814675796
0.4109337153101972,0.5047367097992732,,,,
,,0.5929543198870071,0.5063783223926548,,
,,,,0.4026029121319895,0.3412434823619317
0.443814440997771,0.35033729459613705,,,,
,,0.5744045125927565,0.5847229678217724,,
,,,,0.3781570179994522,0.4633679608432937
0.41463328849166636,0.4831765964378585,,,,
,,0.5268024299412819,0.7280163831328498,,
,,,,0.4421752368058225,0.12591676174166222
0.4348195327361929,0.39099569389533706,,,,
,,0.5758013288222206,0.5853013921620422,,
,,,,0.4252080473193992,0.2564500037581632
0.42316203192186785,0.3933210574351992,,,,
,,0.614412601258196,0.4029866752560316,,
,,,,0.3839038326937301,0.41935341797784
0.446172489193875,0.34776587789470537,,,,
,,0.6261995872706991,0.3723772190198392,,
,,,,0.4234142702014312,0.22756293084175216
0.46166156195439734,0.2071605791525356,,,,
,,0.5655025386302247,0.6102748927042765,,
,,,,0.41705172283397474,0.14582593327257043
0.4686648685401702,0.25447788024764595,,,,
,,0.6074961564218021,0.41960144277132105,,
,,,,0.44486882644918446,0.1450747657632131
0.4267428955789965,0.4268570433415618,,,,
,,0.6258974537980042,0.3774578159526115,,
,,,,0.392456207593584,0.3335223516014991
0.40967355573817066,0.4552884449154916,,,,
,,0.5796358827969517,0.5709290365659856,,
,,,,0.4112386045948446,0.2978927770257932
0.44183987933588864,0.3188627378523068,,,,
,,0.5609642346619141,0.6309359824002657,,
,,,,0.42372085050169717,0.2105535789598888
0.424333840386103,0.43507354852931446,,,,
,,0.6035826874339603,0.44989358140809654,,
,,,,0.42885739902051945,0.19255917100334785
0.43079225752354233,0.39141011306655293,,,,
,,0.5893749684071827,0.5339331775317498,,
,,,,0.3973805686558096,0.3834558838878961
0.46031126420139945,0.33012437742250245,,,,
,,0.5979337066090594,0.3653693489100919,,
,,,,0.4266455948106749,0.20400518995287276
0.43913933201009336,0.3810097022458526,,,,
,,0.5467053184452494,0.7173353846146729,,
,,,,0.4083250517896583,0.30048525794440184
0.44441953832658176,0.2887833833466409,,,,
,,0.5789434554140083,0.564938580323388,,
,,,,0.36990041324338585,0.48999169378370167
0.48173964594209495,0.30172982559001915,,,,
,,0.5816963052365784,0.5546827871351969,,
,,,,0.38083908792680554,0.35713829227697813
0.4336578109194781,0.37197459758431783,,,,
,,0.6028261348138484,0.39076984073410304,,
,,,,0.39778897508197075,0.33946921084233783
0.4154514187401699,0.49468178782033023,,,,
,,0.599088767292582,0.3982096028189567,,
,,,,0.36930176941258763,0.4465824835726263
0.45366949218356456,0.33538955480900956,,,,
,,0.5621373840138613,0.6151906310030486,,
,,,,0.44490728563324566,0.13898551859468766
0.4505234433481784,0.33852010060187643,,,,
,,0.6317568284941545,0.21185813825656086,,
,,,,0.4297991415890836,0.22208806602525233
0.437235611004553,0.3031718261193662,,,,
,,0.5758525090278747,0.5701658861393163,,
,,,,0.39956397806037425,0.31754362627591337
0.4798269806774438,0.25549363013608006,,,,
,,0.5561781831309397,0.6193667869075418,,
,,,,0.38441995295526377,0.4232793890618679
0.44130796785096194,0.3566348572922373,,,,
,,0.5851233623870362,0.5396399584059457,,
,,,,0.41339715536011923,0.1836085343036643
0.41814627278928895,0.4545635369803409,,,,
,,0.5955932942945366,0.4931841385349861,,
,,,,0.3826121184157296,0.4477495502905492
0.42316417564598474,0.45594740590522276,,,,
,,0.5752136668327796,0.5974983868341108,,
,,,,0.36780330552412854,0.3734763139184063
0.42232381147828923,0.4251260705599411,,,,
,,0.5697773715998822,0.5907962643565388,,
,,,,0.43464963299868087,0.21085695443474617
0.4379043039398902,0.3615198749685201,,,,
,,0.5559076800824942,0.6735018073048935,,
,,,,0.38876551256661984,0.3827161730336758
0.4236007120261177,0.4609266555715863,,,,
,,0.5911428775292694,0.40727893392003367,,
,,,,0.3965349994432801,0.37996708175943994
0.40800137936736036,0.48157063809795586,,,,
,,0.6134493840662407,0.43413524262424086,,
,,,,0.40812452301563107,0.25256525766077953
0.4242327502828529,0.4423146249853661,,,,
,,0.5908401228794044,0.5238467211698601,,
,,,,0.44921949552037077,0.137479272903551
0.4181343954113472,0.45190996767452907,,,,
,,0.5778857161866432,0.568190661928319,,
,,,,0.41622600125708475,0.30403806382909426
0.42475721916985576,0.41466851916612313,,,,
,,0.6231783957675954,0.29258852720064366,,
,,,,0.38995368984366374,0.33156960988034767
0.42548538610575515,0.44345681851650787,,,,
,,0.6426958382909251,0.2067887196568594,,
,,,,0.4110000347884871,0.24648725120632753
0.4992189543806268,0.1330074866456038,,,,
,,0.5668583778234983,0.6351991195270603,,
,,,,0.4322679643842904,0.08777220158988275
0.41168958026566027,0.45551354321725834,,,,
,,0.5936170803723941,0.49331698016891723,,
,,,,0.40861173425399067,0.3236867651123514
0.42101488787403296,0.4516881234294198,,,,
,,0.565354036386555,0.6481465992468293,,
,,,,0.408417215037043,0.3267613098777422
0.4398437919277215,0.36551797264478625,,,,
,,0.553936023302526,0.6349044342251493,,
,,,,0.44649901836019823,0.13315727421190315
0.4412311589731185,0.3708607796657538,,,,
,,0.5707937120762223,0.5756919211574356,,
,,,,0.4147824873061392,0.277603757534547
0.42714844257397555,0.4061686508128123,,,,
,,0.6141655093808513,0.49387706328004266,,
,,,,0.39519470208609786,0.3420629068112363
0.4098519954313068,0.5193084559441761,,,,
,,0.6051804505844036,0.3572116014785891,,
,,,,0.3931932025699626,0.3864775798961205
0.47284242038728475,0.2716603568291279,,,,
,,0.5595016717520136,0.6594380747421402,,
,,,,0.40243997625177463,0.35435587928108736
0.42749261375482117,0.42168467623959227,,,,
,,0.6015711635040515,0.5022390333249884,,
,,,,0.38437648263208035,0.3921487747041684
0.4224090742783926,0.41297264370351283,,,,
,,0.5603770515762986,0.6336193331454327,,
,,,,0.38531222149079014,0.40946859195787766
0.44506706245804584,0.32489840462467157,,,,
,,0.5836547316830886,0.5171974128027215,,
,,,,0.3826383083614864,0.3550551736462042
0.45166989159691684,0.34108847619002225,,,,
,,0.5808999120524017,0.5582969233299357,,
,,,,0.38493448693182797,0.3799087963674035
0.4285356081894067,0.40251118135913067,,,,
,,0.6548606980631554,0.08051992969507282,,
,,,,0.4077404897326654,0.35122959325784997
0.4246829941344077,0.42691986350965516,,,,
,,0.5640154894584607,0.6072211295104131,,
,,,,0.41901920891322264,0.2896307131521013
0.4482028588040813,0.3026309066655263,,,,
,,0.6304620170080808,0.41069143580636325,,
,,,,0.35181681272203325,0.5421402081637209
0.4322973988001083,0.39927089327418963,,,,
,,0.5950620027642701,0.5235213919395092,,
,,,,0.3998426390647807,0.37206008637779353
0.40458564095822047,0.5371909841714735,,,,
,,0.5771064587957176,0.5441272600736293,,
,,,,0.369574975747044,0.4598071504511888
0.4192601597730503,0.442202150515253,,,,
,,0.6032957588153703,0.448879431222566,,
,,,,0.4162203888473479,0.27108023336325016
0.432934794152408,0.39853879753174415,,,,
,,0.6064641556049295,0.3272518290283708,,
,,,,0.4012100045376453,0.3008312665399929
0.4173096522446842,0.463584826532195,,,,
,,0.6127308613042679,0.4430548001450745,,
,,,,0.36971340493245797,0.49815936210297795
0.44218884015316506,0.3773477738584451,,,,
,,0.5646221198188626,0.6558756174510327,,
,,,,0.39823745757862905,0.3186926340309073
0.4275684053703185,0.407000082872512,,,,
,,0.5793528357837608,0.5705581348779174,,
,,,,0.45027839815450876,-0.06220482977641284
0.4596611564715788,0.31212000656866534,,,,
,,0.5684394817794396,0.6265011276341526,,
,,,,0.4094109764132743,0.24042193997377181
0.4606536332643304,0.3145397246378806,,,,
,,0.6092675815355562,0.46733221915336076,,
,,,,0.3883060908790118,0.36485384887444305
0.4386194549006295,0.3886134752659951,,,,
,,0.6047048895022462,0.3958595398639664,,
,,,,0.4344659931601558,0.20385014783348443
0.4504130030705805,0.3358371360812178,,,,
,,0.5529793099249409,0.6598348536500237,,
,,,,0.3991699925189732,0.3487051635199726
0.4418275172347662,0.3321522369695533,,,,
,,0.5659328706573696,0.6470181284366034,,
,,,,0.42874734684518734,0.19628612680144353
0.4415972792894419,0.3483845420979098,,,,
,,0.5931741750678438,0.48567601641016134,,
,,,,0.42368060189464407,0.11036965542026245
0.41922054113693974,0.4631787212735763,,,,
,,0.5872020002510814,0.5255400390258329,,
,,,,0.38941021832496947,0.3909080038726428
0.4170330470110145,0.49545939993195576,,,,
,,0.582331675533263,0.5513423649292497,,
,,,,0.3897703804873579,0.38703160937175307
0.44456224844183523,0.30724945951910165,,,,
,,0.6217798010683036,0.4228794275343456,,
,,,,0.41488357901529527,0.30509207145021733
0.44190123871595577,0.27440737040890306,,,,
,,0.5945081468518949,0.5301149002284448,,
,,,,0.37895960042900045,0.41981820395241654
0.3927445184310596,0.5044427897152586,,,,
,,0.5781539039706365,0.5775308878408014,,
,,,,0.4577401376226439,-0.09055513289853234
0.43937647282918935,0.35457460915744954,,,,
,,0.577853046665024,0.5654924550095879,,
,,,,0.40410159178383576,0.14769814135744797
0.39852114852694964,0.5121266756140763,,,,
,,0.5804293573480199,0.5535914328453209,,
,,,,0.45272089395635606,0.18955269514029383
0.44577481158804266,0.3480534927079909,,,,
,,0.5480747668749402,0.6172275479304157,,
,,,,0.3857260805031587,0.39603397943590235
0.43327259900914084,0.39896442209669136,,,,
,,0.5729015831708822,0.5850216241170362,,
,,,,0.46007221031699264,0.01634220881466608
0.4248701753292672,0.43140950021913527,,,,
,,0.5885330082122883,0.4848963118277756,,
,,,,0.40199390962851467,0.3515354257578943
0.4093051595322409,0.47974553793803554,,,,
,,0.6154853955488968,0.4399161844195717,,
,,,,0.4282110106821275,0.2707156357589626
0.43877181232796103,0.3778527371649125,,,,
,,0.5711778124411038,0.6042347323545711,,
,,,,0.4014884784550211,0.21740169495894135
0.4760044198520519,0.23552528099285808,,,,
,,0.6254852203181138,0.34618956267628376,,
,,,,0.4278562155067661,0.24851240785970685
0.4506381523664126,0.3619725628297026,,,,
,,0.5858068108974831,0.5481014650856004,,
,,,,0.4313568293949591,0.08236375277677621
0.4075368570843265,0.4937261899578479,,,,
,,0.6019255154820256,0.43558430902394774,,
,,,,0.35646432382301796,0.504531146244328
0.42856355969207294,0.3860683705510741,,,,
,,0.5854766717985428,0.5247570163310491,,
,,,,0.4097567491069073,0.2951281718779213
0.4172606406006636,0.46760015385175846,,,,
,,0.558985692568917,0.6290364596901586,,
,,,,0.44214431585818226,0.06475924279572265
0.44542824801714376,0.3448764409555908,,,,
,,0.5670769829210192,0.6368225135026893,,
,,,,0.3856736578429584,0.4099673880788801
0.4343908428056996,0.38622231070496893,,,,
,,0.5793754940493181,0.5403974702442444,,
,,,,0.423841814827738,0.2509019196867971
0.43938459570512967,0.33191189536482,,,,
,,0.5933780329995219,0.5066419734283858,,
,,,,0.4106849583378699,0.2508886154969505
0.4433223857627464,0.33838621855711737,,,,
,,0.5626611398463464,0.6213123678603103,,
,,,,0.3540509386487366,0.4745455163017377
0.40166504980050066,0.5313070156909581,,,,
,,0.5978995948506736,0.4788138069318668,,
,,,,0.3764626075530356,0.5082978665226453
0.4341294515447851,0.39502914823648616,,,,
,,0.6146762532384125,0.42915861261871635,,
,,,,0.37198758910272633,0.42858224201680706
0.4385316128494583,0.32662766533301,,,,
,,0.5638255462981638,0.6415706782091197,,
,,,,0.4390647393618424,0.09904580342281388
0.4508559810640941,0.32230437633412146,,,,
,,0.5558254949476664,0.6299593632065833,,
,,,,0.39242720823048494,0.31066447497932426
0.43355580810281147,0.38093123823241815,,,,
,,0.5850311267792074,0.5425895101441958,,
,,,,0.3561069216343171,0.5582052277016042
0.47586905554280656,0.30222888215898847,,,,
,,0.5752029821632336,0.5809930219665707,,
,,,,0.48376770122608814,0.10763846462370275
0.44140422413456537,0.3712376467015528,,,,
,,0.5702327198739983,0.630575252939064,,
,,,,0.39983961723167305,0.32153459057616496
0.45061095759975256,0.3463189589058703,,,,
,,0.6169020652751384,0.31003369371640677,,
,,,,0.4188741185002878,0.22379259142945807
0.4304323417208159,0.37333523520416845,,,,
,,0.5667428083549383,0.6354030797594192,,
,,,,0.40963716253803195,0.28291118619869815
0.4222881665085322,0.43331373965615216,,,,
,,0.5689580447993425,0.6182168976256224,,
,,,,0.3810077030121183,0.4242076339744141
0.4379448884003224,0.34670539557484514,,,,
,,0.5407403273688285,0.6727665367450794,,
,,,,0.4055452117364199,0.3340493714798216
0.4568985506994986,0.31651542836512825,,,,
,,0.5901199643748574,0.5339152482679661,,
,,,,0.420050181175067,0.24103313233182422
0.45731548317351567,0.325443433246272,,,,
,,0.586015164042023,0.5356366462111846,,
,,,,0.3731098781049982,0.471721925339182
0.472172203093598,0.2695089560445867,,,,
,,0.5828045991558716,0.5555122286379608,,
,,,,0.3608253591220979,0.5124618495485554
0.4685018711091645,0.31698607234921317,,,,
,,0.5692002299134431,0.6054581097488558,,
,,,,0.40078109255679406,0.35556866360913586
0.40326191887949503,0.517812488412257,,,,
,,0.5594054791651537,0.6270409285905669,,
,,,,0.36717154891188486,0.4674998235454778
0.43861138786800435,0.3709902436011723,,,,
,,0.5755200567708683,0.5918190989559786,,
,,,,0.4120230745910267,0.30484598849306477
0.44542306290020584,0.34267425884155456,,,,
,,0.582305098556816,0.5355060259009917,,
,,,,0.36996522926780995,0.4428239550931181
0.442709887773972,0.3676108358820075,,,,
,,0.6226925130678173,0.43433801031629415,,
,,,,0.38929910474178997,0.3964435193422353
0.45148381870808496,0.26215528056667936,,,,
,,0.5986790479533737,0.5092880208300155,,
,,,,0.46514310980275675,0.07305644413263002
0.49205385476095154,0.15869007432308202,,,,
,,0.6360900546150386,0.30069973797340444,,
,,,,0.4502939176186842,0.18041541980381126
0.44568461636382706,0.3419173929869762,,,,
,,0.5730088621226375,0.5832096425310256,,
,,,,0.39469874190636334,0.24121482675818906
0.41040578058855093,0.5004463567020099,,,,
,,0.5209642979467287,0.7376203740045241,,
,,,,0.3850041061513111,0.3510893800980539
0.42826459109642334,0.4283091688073345,,,,
,,0.6018878450856204,0.44646378031661615,,
,,,,0.3869751445615984,0.3910077130647587
0.4587212573568863,0.3191104061980705,,,,
,,0.583793376523785,0.5504481266828114,,
,,,,0.4047397321740104,0.33830138351723815
0.41270270962325395,0.4920089999508406,,,,
,,0.5824844696855316,0.5506510300556703,,
,,,,0.3572654068463905,0.4764260960471104
0.4377603342618501,0.3713091318382804,,,,
,,0.5946729218667033,0.446560335424265,,
,,,,0.40180408350639285,0.3716688564760102
0.41865642202410214,0.45807526613050376,,,,
,,0.585268142313339,0.49364650560409085,,
,,,,0.40579922757946585,0.294329036714409
0.3942469115112395,0.4498045943574396,,,,
,,0.5567366073450544,0.6649697310754425,,
,,,,0.42551654583360743,0.28059084403112355
0.4081885464953028,0.4465966257223649,,,,
,,0.5425229567052844,0.6650697114605177,,
,,,,0.4083824580807526,0.18335092742882664
0.4497139563221616,0.3391110392826121,,,,
,,0.6615115496036877,0.23828194133331837,,
,,,,0.44850355211055215,0.16196853592237048
0.42905372422106547,0.4133738800850172,,,,
,,0.5880774553432839,0.5060064212776421,,
,,,,0.39583356507724754,0.3594017912393275
0.39488656749614015,0.4725595848669466,,,,
,,0.5647444612849803,0.6122229933191947,,
,,,,0.38635699772122134,0.4178432052205976
0.4342085992948318,0.3907879639160511,,,,
,,0.5955601044980718,0.4743212242331698,,
,,,,0.3670820526223266,0.5005962997083704
0.40360040222430704,0.4508554912328506,,,,
,,0.5466404974604298,0.6117498827542094,,
,,,,0.37233310330662395,0.3930794284369138
0.4239509135773404,0.4137639851837981,,,,
,,0.5830612918339706,0.5431400318264505,,
,,,,0.40300076056543255,0.28771081381055974
0.48293276158756937,0.28373930885013565,,,,
,,0.6000771693549474,0.4955259921176176,,
,,,,0.38914729743168763,0.3768935395338803
0.44549198422500014,0.37130277465490413,,,,
,,0.6334229185959062,0.3892293539972179,,
,,,,0.3495840190684837,0.441587532395355
0.4257701988179471,0.43744446971926176,,,,
,,0.6022546037914641,0.45004540721792696,,
,,,,0.3919846816586484,0.3570357402831881
0.4137976122377953,0.4555460107530983,,,,
,,0.6000693133224988,0.4321400454611338,,
,,,,0.4166858137355297,0.2531008696324383
0.43127410074519024,0.4122360348904822,,,,
,,0.5831543779370858,0.5458102270305722,,
,,,,0.3810032199699406,0.4126274437577022
0.4340565837725352,0.39675054859200265,,,,
,,0.5887648531015311,0.525170216859907,,
,,,,0.3753243841599444,0.3440999740649763
0.3996674667460146,0.5357923089504868,,,,
,,0.5788771312397764,0.5681944217005772,,
,,,,0.3595735346686362,0.5771820116873655
0.40971287235463383,0.4959793100500349,,,,
,,0.5832670443470719,0.5261518642264196,,
,,,,0.46830439921893396,0.1924954241132466
0.44035373596119065,0.36394369451578645,,,,
,,0.5937391099991158,0.5209149432826214,,
,,,,0.4082321478593569,0.3091825687814609
0.40836402027224383,0.5018043308707714,,,,
,,0.5986000395447342,0.43601251811582686,,
,,,,0.43432671871131445,0.07962138511515648
0.4216701684457953,0.39668586394942207,,,,
,,0.5897172292926874,0.5094651382863281,,
,,,,0.3988778574665418,0.3444574292390352
0.44634663208251224,0.28747756141792147,,,,
,,0.5742314493582726,0.5411228810537907,,
,,,,0.4538332784859125,0.1514992742289798
0.40190594510692523,0.5087254586229895,,,,
,,0.5898652878779879,0.5372163195291355,,
,,,,0.4258856319581239,0.25802585491633234
0.42583643740060584,0.4274054427044157,,,,
,,0.608376569888002,0.16905399482288996,,
,,,,0.37819190240550415,0.3866015971342741
0.43594114554347907,0.3316339078658842,,,,
,,0.5791500890598102,0.5603995052128374,,
,,,,0.4527504569164562,0.12074107562087921
0.45737239591258805,0.3020637659990434,,,,
,,0.5597521160041631,0.6581768859941262,,
,,,,0.4114722710163582,0.31610814512825847
0.5001947952389922,0.15516751500305292,,,,
,,0.5863517093586569,0.5001899439693644,,
,,,,0.44317412165861136,-0.09188805297406621
0.4846671238637027,0.24392703531888726,,,,
,,0.6075511893243007,0.4512638448033355,,
,,,,0.42218865099944003,0.2643075093189111
0.44800097920237225,0.3621348127693176,,,,
,,0.5839469359635974,0.5222876803908676,,
,,,,0.389823389373698,0.3783078021117129
0.45527639932637576,0.32115282771829157,,,,
,,0.5661713135496452,0.6061061331219673,,
,,,,0.4315966152366545,0.011884498341202643
0.4570770642481896,0.3290482266210857,,,,
,,0.6134095558884656,0.365811033291241,,
,,,,0.375618797446733,0.35559847146436585
0.40297744168572736,0.48991901269023463,,,,
,,0.6102855511983418,0.37283928956791434,,
,,,,0.4352916824174067,0.15390264941236165
0.43383394287928456,0.3486431587263209,,,,
,,0.5867310377823094,0.527221914227205,,
,,,,0.4357429162817247,0.13094431515577787
0.4117494956564338,0.4714459172418278,,,,
,,0.6221481435890435,0.32163298935546514,,
,,,,0.37866120255564506,0.4242146498181286
0.43039233562676493,0.4147151076172496,,,,
,,0.6150864949231225,0.4822756230320545,,
,,,,0.4381727640540396,0.15621314408420361
0.4176531590896385,0.44927657285224565,,,,
,,0.5861507119034024,0.551697756833281,,
,,,,0.404768546576591,0.3124510912665771
0.4417773613383954,0.2888832296121695,,,,
,,0.6108091218508366,0.3877104427626814,,
,,,,0.44770060280224855,0.13767764752908995
0.4432097364300792,0.380095132879946,,,,
,,0.5890489836466946,0.5162022517193838,,
,,,,0.4031512175151969,0.34285606423280757
0.44134673636214883,0.3687419725801747,,,,
,,0.5962546060666618,0.4658227917690657,,
,,,,0.3888876807648365,0.3600503304058521
0.4329287404445046,0.389785262318912,,,,
,,0.5799030501016444,0.5502077662777698,,
,,,,0.42347138776192206,0.20084734392473025
0.43080735305145246,0.39293254946718104,,,,
,,0.5747312094159105,0.5594717604439261,,
,,,,0.4019178796061945,0.339730396780872
0.40176793902665997,0.5011511572233515,,,,
,,0.6101200218052905,0.4192734808571317,,
,,,,0.40479863799208193,0.2913169297616728
0.4250568695947857,0.4122629505896851,,,,
,,0.5616912105538503,0.6347146094760877,,
,,,,0.3914198545105886,0.3375381474332212
0.4401216795796552,0.32073618842140716,,,,
,,0.6110740791025704,0.26242469448766237,,
,,,,0.3858179622597733,0.36939137505273956
0.4131540167462949,0.5132483522781864,,,,
,,0.5781442024255243,0.5584703696674258,,
,,,,0.3735944299397904,0.47024078911261447
0.4392666129356695,0.35138275019618237,,,,
,,0.5960690235723658,0.47864840046151436,,
,,,,0.39657209067515675,0.36144580632318624
0.45502775176562127,0.32170453656281284,,,,
,,0.5602563919002292,0.6639932118434203,,
,,,,0.3772881093618955,0.437235764175938
0.48385973938889626,-0.047134471831845604,,,,
,,0.5946399953568786,0.48190565310950084,,
,,,,0.3729340341376307,0.49675174425061874
0.42648745616215367,0.4241252670806682,,,,
,,0.5963167395992284,0.4743354555132838,,
,,,,0.3982425590576293,0.35421918526181884
0.436759142948026,0.3718828019321332,,,,
,,0.5722985811818049,0.5488976018126723,,
,,,,0.4093960262177958,0.3024709085447378
0.44872656427231616,0.3058344939671659,,,,
,,0.5921144032634521,0.5160594792681723,,
,,,,0.4052371405246358,0.2875213625525431
0.4481070539925074,0.32804571631599644,,,,
,,0.6199063310216343,0.44961728025354797,,
,,,,0.43119851208252924,0.17925942431591868
0.43011488674924225,0.39299821989586003,,,,
,,0.584275988762471,0.5327702528449234,,
,,,,0.4225025528290729,0.11144216307819288
0.40989093373879526,0.509617429564467,,,,
,,0.6381205817300091,0.3149847457382958,,
,,,,0.4636618755320677,0.057746179647414464
0.46457139517473767,0.30477096229743694,,,,
,,0.5592984370096779,0.63563210225777,,
,,,,0.4075113059124522,0.23587614619503305
0.4287652354408259,0.42212661979753074,,,,
,,0.5993935335223125,0.47933298355591514,,
,,,,0.4382486466609502,0.2446621581763041
0.3998807361408281,0.5335774333404815,,,,
,,0.59194256988029,0.5221126949918855,,
,,,,0.41109405094518525,0.31401358222918463
0.4251428605632114,0.44257136091826965,,,,
,,0.5528454717629943,0.6005595459516391,,
,,,,0.3407541682034628,0.56665625332519
0.4167987797391255,0.48523364926950074,,,,
,,0.6417136803276774,0.11507148727536742,,
,,,,0.3807572007965079,0.39702835222386645
0.4393316082268033,0.28748525420846704,,,,
,,0.604063455695286,0.44919495640450624,,
,,,,0.3834858787217561,0.3992136151991811
0.46120083543763,0.31236994128090345,,,,
,,0.6252835197303369,0.28284130842429334,,
,,,,0.38472537684114705,0.39281119645518847
0.42798934407060385,0.41576625672720013,,,,
,,0.6127352750674115,0.4135315377454112,,
,,,,0.3933705944314877,0.30896284491164583
0.4284467985292446,0.42171355209076455,,,,
,,0.5842224617882956,0.52802089447701,,
,,,,0.379719050323187,0.4211599698213704
0.4080365966185,0.5217462037805638,,,,
,,0.5624911410577066,0.5709959041213268,,
,,,,0.3754863824092828,0.43559178719432734
0.42827350455155544,0.41605591189875735,,,,
,,0.5990297391034789,0.44549837988984486,,
,,,,0.3666207700695462,0.43010115453132647
0.45066228503125727,0.3328010469079644,,,,
,,0.6044882528002087,0.4757285648971762,,
,,,,0.3851734943861712,0.33032538401611256
0.41859536605568315,0.4263053896169484,,,,
,,0.600227231976979,0.42820693786777664,,
,,,,0.39175205522426604,0.36192661608673493
0.41671451544076155,0.4862370486626979,,,,
,,0.6442144758248464,0.4195116694450072,,
,,,,0.4182578256749797,0.21386110052525786
0.471733572939541,0.2780122653691548,,,,
,,0.577409981306904,0.566372324988131,,
,,,,0.4198549860170818,0.2624619719925977
0.43383947473576545,0.38639667703073366,,,,
,,0.5873994398313536,0.5141938765851931,,
,,,,0.4243488156812233,0.15406473198513693
0.42987739489696997,0.3829468825669736,,,,
,,0.5680493959681019,0.6638229838770281,,
,,,,0.41598780622969456,0.26647575873674745
0.4217616130231435,0.4462825149697871,,,,
,,0.6068905432185432,0.4587473698414497,,
,,,,0.41889350274961157,0.28299864956238896
0.4178427730332759,0.48232918985028594,,,,
,,0.5312191699018342,0.744627574911451,,
,,,,0.41048567138834025,0.2929607779462381
0.4026009739184453,0.5135795851089591,,,,
,,0.6341798753679515,0.32535127074116155,,
,,,,0.4336056265040932,0.24442625322472833
0.43208562482762114,0.37557857682884954,,,,
,,0.5986875617116781,0.4945935741216826,,
,,,,0.3528040600947153,0.510013915686016
0.4255460187723845,0.4406618241597753,,,,
,,0.5405116677368307,0.6673785557254097,,
,,,,0.4076790996242914,0.25908281157729884
0.41990709621779043,0.44667176728428426,,,,
,,0.5639286031268609,0.6353521942838696,,
,,,,0.3899390080575562,0.3302700404548903
0.4103248361845043,0.5045739713276338,,,,
,,0.614179162232239,0.3818944585335279,,
,,,,0.40725807933941527,0.3347147716891895
0.47636216169377443,0.24048714573281071,,,,
,,0.5936094602685972,0.515339370778771,,
,,,,0.37453837561206604,0.374240276679188
0.44311716361710995,0.3048380257852006,,,,
,,0.5860167123841284,0.5059437915629483,,
,,,,0.3538724361982416,0.4456171018907962
0.43343548715466274,0.40974645093893014,,,,
,,0.5902476520248963,0.5236238208189946,,
,,,,0.39711932204365974,0.2950607394585951
0.4193381945565796,0.4611201614675915,,,,
,,0.6004643161658176,0.5079413327848015,,
,,,,0.376674482493487,0.4541117352196151
0.4824544037673497,0.2625089923498518,,,,
,,0.56270024818453,0.6452249528352767,,
,,,,0.3711753212522305,0.4973925905700948
