r2_score_train_0,r2_score_test_0,r2_score_train_1,r2_score_test_1,r2_score_train_2,r2_score_test_2
0.6245547008563331,0.2108655526832012,,,,
,,0.7172718045526401,0.607628546809239,,
,,,,0.7424359263974674,0.3482137368596227
0.595798739040988,0.3470688207683309,,,,
,,0.7129601292150406,0.6097038476701258,,
,,,,0.7190082647443969,0.4174040380409947
0.6549506747526288,0.0830446197250549,,,,
,,0.6821834682163499,0.6666483668037586,,
,,,,0.742468108398718,0.2782047076835391
0.5995381119178329,0.4322660125093446,,,,
,,0.7358259386027464,0.5125306340343654,,
,,,,0.7435220781023355,0.2781265439540842
0.5849697610736495,0.466824193922573,,,,
,,0.716344728130015,0.5501568124267247,,
,,,,0.7210416013889804,0.3259747420033515
0.5968272155441279,0.4353342874971209,,,,
,,0.7832665713169891,0.3020210772256544,,
,,,,0.7312851259775606,0.3592893472551975
0.6041974641811624,0.3768194814725759,,,,
,,0.7238700408748614,0.4741038924002407,,
,,,,0.729809454830413,0.3755043450016301
0.5996911611216387,0.4708169085947969,,,,
,,0.7075213182069617,0.6523310755093188,,
,,,,0.7446474390969287,0.3181152683643609
0.6061705334473088,0.4284483449917976,,,,
,,0.7327640388307077,0.4448656187920538,,
,,,,0.7412495228822257,0.3568467788502051
0.6168864323891574,0.3902021079722866,,,,
,,0.7482136172231268,0.4355229224793223,,
,,,,0.7291155195622221,0.3550790835224165
0.6582310536253569,0.2780620234123375,,,,
,,0.7105949244153735,0.5634670644407894,,
,,,,0.7034126444559647,0.5992389668098441
0.6130877190106405,0.3799659480334997,,,,
,,0.710084510919776,0.6482442686448096,,
,,,,0.7274615589891231,0.3407382122030664
0.6161011949071444,0.3454548024254287,,,,
,,0.7423449464248473,0.3641331608442322,,
,,,,0.7356329801327943,0.3977510872926362
0.6024314590294433,0.3842374346891083,,,,
,,0.7155021112557096,0.6390274232592204,,
,,,,0.7059066242586076,0.5571313248868535
0.6016847851945899,0.4341634081674681,,,,
,,0.7130810365735996,0.6477053219493001,,
,,,,0.7272227192584293,0.4314895206282806
0.6011786998940839,0.3828032642833859,,,,
,,0.755822507898465,0.4435032931675388,,
,,,,0.7265872506480726,0.3810892413077182
0.6027471770062691,0.4422147924765282,,,,
,,0.7277073334208404,0.54167342288602,,
,,,,0.7773639536625646,0.0563260598166741
0.6202547406841055,0.2679107169735684,,,,
,,0.7395480005829345,0.447870822870584,,
,,,,0.7346717510498213,0.2222127811463766
0.59180778055865,0.4799971812630378,,,,
,,0.7201463109300621,0.5909639813751159,,
,,,,0.7367755664683495,0.2811621625731092
0.6008492300292347,0.4112932668047642,,,,
,,0.7302280500771454,0.561172041323629,,
,,,,0.7418394949998521,0.3976268659441663
0.595710637996302,0.4563370450639388,,,,
,,0.7540786333687332,0.3225985859136098,,
,,,,0.7277758292020384,0.2252575246332024
0.5990774072960364,0.4694038629592959,,,,
,,0.7151153182418707,0.5560662840343645,,
,,,,0.7430377456321737,0.4382678627612579
0.5882707473937587,0.4899072163824167,,,,
,,0.783001578202431,0.3017889192725635,,
,,,,0.7679281160388711,0.2953040078592144
0.6014509034407913,0.39638511929625,,,,
,,0.7291451607095731,0.6013656512021458,,
,,,,0.7091594550451079,0.5509376421596663
0.5904685115773507,0.4867817927532833,,,,
,,0.7425950640181764,0.339470214580394,,
,,,,0.7198233853757606,0.4532409843216162
0.6124026230111075,0.3776220325576589,,,,
,,0.7593110629861931,0.150217381669465,,
,,,,0.7270606980875234,0.3602939635847109
0.6143574007619781,0.3940178685121797,,,,
,,0.7567848118271326,0.1634917236886487,,
,,,,0.7079586635325319,0.571426182663078
0.5992937848407027,0.4303906603602502,,,,
,,0.721140057191284,0.5254059548068789,,
,,,,0.7101057099203962,0.5137569602230851
0.6065273328455922,0.3820754921885723,,,,
,,0.7185803366437418,0.5843113273074023,,
,,,,0.7244206211586457,0.4214639229439542
0.5814997025772761,0.4911591799527754,,,,
,,0.7081300685395842,0.6199438244975237,,
,,,,0.7316148740853183,0.3921680243031011
0.6099352770135236,0.3835596868386324,,,,
,,0.7497383376044443,0.2845717050110538,,
,,,,0.7012720193076551,0.6243258898945478
0.5949892628370241,0.4960236828068574,,,,
,,0.7414414471219821,0.4345380161711936,,
,,,,0.7556568810027191,0.0552110884968113
0.6176759400242071,0.3051263419978803,,,,
,,0.7325798660577759,0.5368298462600093,,
,,,,0.7107394622936423,0.4932224093872412
0.6070702724900916,0.4268872981311024,,,,
,,0.7107770254469767,0.6588710306338552,,
,,,,0.7091107049463565,0.5317909767612803
0.607844018499831,0.4437542636181877,,,,
,,0.7407202764796981,0.4109283673797741,,
,,,,0.7293378357856062,0.3632823508136975
0.5750168858160734,0.4289413634343314,,,,
,,0.753295196031688,0.3907672475687361,,
,,,,0.7329964110552492,0.4159012747323128
0.5928587683153212,0.5053817519724109,,,,
,,0.7062597782245528,0.6440549611104911,,
,,,,0.7042023860681117,0.3800884757941148
0.5953178193829374,0.408853584201734,,,,
,,0.7110334651214667,0.586181659598913,,
,,,,0.7337701719256552,0.3192437749336031
0.6141923918575549,0.3763128500293727,,,,
,,0.7421142448399687,0.2815889896878968,,
,,,,0.716529083790532,0.4758304788873631
0.5926784759403392,0.4782580089194396,,,,
,,0.7218588938813398,0.6280504922088137,,
,,,,0.7130698845011261,0.4687436445923622
0.5871547313077294,0.4496770690156024,,,,
,,0.7761765801807592,0.3987980682231974,,
,,,,0.7474315804516671,-0.0686962081429467
0.6127330735343558,0.3994641213424262,,,,
,,0.7224582701623504,0.6244528242343943,,
,,,,0.7627984350183248,0.1459206581597109
0.5693687053866171,0.5377735466058855,,,,
,,0.7170563507532474,0.6452866438505969,,
,,,,0.7463097618152035,0.2558490565771742
0.606961971388144,0.3619041951015999,,,,
,,0.7581562623998759,0.4609730694549443,,
,,,,0.7393361001525507,0.2770157433596337
0.5948378074735459,0.4325860051736323,,,,
,,0.7140940403028169,0.5564012199766213,,
,,,,0.7627501095816407,0.2618864732164032
0.5956732067987393,0.4657942356512267,,,,
,,0.703797522548983,0.6495252672093792,,
,,,,0.7161485306047785,0.459200010563867
0.6064069140577496,0.4054454781231861,,,,
,,0.7640413744880561,0.4370559867335101,,
,,,,0.7078147667014318,0.5770024161122421
0.5819679586374418,0.5746664760896996,,,,
,,0.7051655492552225,0.7148719709580511,,
,,,,0.722767552377265,0.4624566837122038
0.627054616141904,0.3059950170666285,,,,
,,0.7048973464259178,0.6636497842769891,,
,,,,0.7257414930590902,0.337650504381127
0.6031992636727044,0.4315881752471111,,,,
,,0.7487946690277543,0.3646423976694072,,
,,,,0.728321324167341,0.401381317059343
0.603641578099011,0.4102572384771509,,,,
,,0.7375794095767277,0.3859509726966731,,
,,,,0.758092857219866,0.1569392701529246
0.5967387876256575,0.4812751957607576,,,,
,,0.7371651275919407,0.3277280690589719,,
,,,,0.7706524557510819,-0.0624353564704482
0.6143381308922915,0.3790172272388755,,,,
,,0.7529851210093752,0.3701075994503783,,
,,,,0.7060272663104911,0.4975573635321669
0.5978007339631907,0.4840765345735772,,,,
,,0.755716272286759,0.4522545828188554,,
,,,,0.7421922270372052,0.3925786559015195
0.579101627199955,0.4223135223311396,,,,
,,0.74426395708728,0.4019971566343076,,
,,,,0.7310943628843636,0.3447361821754303
0.6229067021576777,0.295009573810065,,,,
,,0.70286261335723,0.6355730336386377,,
,,,,0.7322722395184025,0.3333886249660268
0.6092012026151523,0.3447837244957453,,,,
,,0.7243445562451274,0.5524939990363377,,
,,,,0.733898821442788,0.4769305972303547
0.5780136840105311,0.5477364087007061,,,,
,,0.7362831251034021,0.3114888375579541,,
,,,,0.7380483534483573,0.2844011709676181
0.6267565947620302,0.3475763892176809,,,,
,,0.743423294851848,0.4339661266533382,,
,,,,0.7404160137705221,0.3931046798978451
0.6231246977722147,0.3437454510286289,,,,
,,0.7084331974572786,0.6482623095466667,,
,,,,0.7235254357819804,0.49284771804973
0.5934707820499143,0.44264608389896,,,,
,,0.7303081835444666,0.421419844359402,,
,,,,0.7309451907557355,0.3733662487794793
0.5706147779991076,0.5286280010495052,,,,
,,0.7361891306245931,0.5452005829810531,,
,,,,0.7206535525009377,0.3943382715246101
0.6442188946857763,0.1193881249761403,,,,
,,0.721597878809348,0.5389628136137374,,
,,,,0.7167370659691252,0.4335542502278477
0.5889329021230894,0.4842681310659571,,,,
,,0.7185773191848559,0.6155320133144002,,
,,,,0.7409680999648597,0.3146204769719861
0.6076036876150525,0.4322210238203708,,,,
,,0.7474870296218386,0.4342506484883321,,
,,,,0.7634144105348056,0.3164090327098492
0.6420300529077149,0.2855844784343397,,,,
,,0.7347924226144178,0.4667622835834275,,
,,,,0.7451262139012321,0.3464437121588942
0.5798446836674944,0.5198293279723689,,,,
,,0.7494148491576924,0.4565667804221802,,
,,,,0.751785591111287,0.3357217907818408
0.5928079590210107,0.4814433476369751,,,,
,,0.7201987373095085,0.5388222375976022,,
,,,,0.7238599244300031,0.4747965224756958
0.634497109090448,0.3383319682508749,,,,
,,0.7441546165991829,0.3545341231570961,,
,,,,0.7111521609217017,0.4856890915378292
0.5800120440214467,0.4557158609424172,,,,
,,0.7021545235396123,0.6529260189466553,,
,,,,0.7223352117906554,0.4117991860845377
0.6084931100385904,0.4250403815937701,,,,
,,0.7619952107176601,0.2977973821197568,,
,,,,0.7191064875046276,0.3955639244161891
0.6141804495541701,0.4128425141306637,,,,
,,0.7173191838925126,0.6292375799218415,,
,,,,0.711825266745819,0.5915660181626029
0.6168334573573464,0.3669738087798457,,,,
,,0.7394605806373356,0.4809143416313103,,
,,,,0.7603949405727399,0.242142295901919
0.5818484040793648,0.4564756858860247,,,,
,,0.7436115426212998,0.492039111573433,,
,,,,0.7324321849835058,-0.1140155676401961
0.5823907071080836,0.4781179841062002,,,,
,,0.7119408608672828,0.6119878484612553,,
,,,,0.7299706703844602,0.3091896351494827
0.6031881077577681,0.4235481002292123,,,,
,,0.7321142399646721,0.5725259306718329,,
,,,,0.7199582905257864,0.4374221363456428
0.6165764768210431,0.3774364455524301,,,,
,,0.7060905505703003,0.6113137090877458,,
,,,,0.7120283041952844,0.5069184326432686
0.6040861294798634,0.4198237702408343,,,,
,,0.7604775075353362,0.4859474652204474,,
,,,,0.736146883168801,0.3866414885491215
0.5813389744630972,0.5153639485108406,,,,
,,0.7447033204473574,0.4727595161536931,,
,,,,0.7390694433277051,0.3272710414790279
0.6226080063046432,0.297075011045414,,,,
,,0.7331759097497481,0.5184472039384045,,
,,,,0.7093674759974423,0.5858470276257683
0.5860550181101443,0.4661731458686643,,,,
,,0.7138176890995975,0.5746447152942329,,
,,,,0.7591168834802239,0.2584991332052316
0.5943241706675388,0.4674648646615446,,,,
,,0.7245654451895736,0.514100809577408,,
,,,,0.722312905258867,0.5152645949403865
0.5851988718315171,0.4995303008386832,,,,
,,0.7301355254516774,0.4895126158536571,,
,,,,0.7348318667941871,0.392009569073097
0.5859672271929298,0.4761550545314534,,,,
,,0.7360227996567016,0.4325139584474172,,
,,,,0.7415865610027592,0.3384254436783079
0.5729255841789751,0.545675685912749,,,,
,,0.7413393334697254,0.4961996471444945,,
,,,,0.7490188405892226,0.0869165972239848
0.5843081706329998,0.4082345094404009,,,,
,,0.7478214639896685,0.3266200737853794,,
,,,,0.727944363435319,0.4230869742319033
0.5972897861106498,0.4735823967844857,,,,
,,0.7143111574462658,0.6571546749549345,,
,,,,0.7282311596750629,0.4352111258191822
0.596653162167931,0.4571590602658751,,,,
,,0.7144697224754881,0.6082621286713812,,
,,,,0.6982776759212062,0.492230371893353
0.5910202154591074,0.4473293558645672,,,,
,,0.715393441202765,0.6381298474095636,,
,,,,0.7384586125378308,0.3687697116645022
0.6383303081034362,0.3264616292059272,,,,
,,0.707046850669467,0.6130684586614614,,
,,,,0.732597773027245,0.4281069667419379
0.5974542634072634,0.4183814851946295,,,,
,,0.7123321465015892,0.6806091759463467,,
,,,,0.7231942946998238,0.4154666690974886
0.6134403495116617,0.3481766069187589,,,,
,,0.7228245732894569,0.4848922414033955,,
,,,,0.7473683234106163,0.3754951813235662
0.6180043938679669,0.3317895058119683,,,,
,,0.7465653885654135,0.4117670948755161,,
,,,,0.7180971934102482,0.4607760019815684
0.6074743934509597,0.4021364884292959,,,,
,,0.7094123156702985,0.5500256009340434,,
,,,,0.7265820423193374,0.4315372405514458
0.5679655213279794,0.5188964573136463,,,,
,,0.7817324784461195,0.3555227830923703,,
,,,,0.6949124608565177,0.5108686824883637
0.6195278844220948,0.3737083242930417,,,,
,,0.7320216823178989,0.4115030383995225,,
,,,,0.7354938722530371,0.3977060441420281
0.5907626523113858,0.5262313880186351,,,,
,,0.7153187529283782,0.6218343611682998,,
,,,,0.6971621463114492,0.4553590620018335
0.5973452701129309,0.3880254925563287,,,,
,,0.7491096470569795,0.4624665621084092,,
,,,,0.7221328888422578,0.4113362334956106
0.5992132667308114,0.417554889215342,,,,
,,0.7119956374261054,0.534169407743194,,
,,,,0.7121498212360746,0.4945616456736251
0.5931764582003981,0.440391581395703,,,,
,,0.7015759798171253,0.6743879129558454,,
,,,,0.7589920442863369,0.0840183956641394
0.5999978420443384,0.4200527530515224,,,,
,,0.746587070606531,0.4764199673518552,,
,,,,0.7493722300364392,0.257976271458565
0.6271635075656559,0.2994500433530311,,,,
,,0.7356891419229522,0.5347794555285318,,
,,,,0.7288030498285978,0.4099982621559663
0.592859830606327,0.4974436958257601,,,,
,,0.7671258385263835,0.3341094704609829,,
,,,,0.7242590577063894,0.4493974417461839
0.6009410381419307,0.4372326398356443,,,,
,,0.7580988251899091,0.3175953317306716,,
,,,,0.7318698718819365,0.3065604159548992
0.6314402202858693,0.216500919180014,,,,
,,0.7513581234528081,0.4628846205039169,,
,,,,0.7682002460909588,-0.1075650346657279
0.5984815323394845,0.4395281352085705,,,,
,,0.7311997411825297,0.5140135852017585,,
,,,,0.7490257398982574,0.1223360707603775
0.5986825427151194,0.4891878148386637,,,,
,,0.7486014019095739,0.439614927271568,,
,,,,0.6965839883319328,0.5231444663341642
0.5802815123584583,0.4512915604908204,,,,
,,0.7358930894359106,0.447316182403578,,
,,,,0.7431010071395625,0.361416405502119
0.6001872136996494,0.4230669498287991,,,,
,,0.7302043779544383,0.4780115426163803,,
,,,,0.7274361564351906,0.4358014654399751
0.6231665840920337,0.361046421250055,,,,
,,0.7822751851229961,0.3521697624179762,,
,,,,0.7427986122043916,0.2801881661049696
0.6225329978607756,0.3718224575104207,,,,
,,0.7105397451038475,0.585611214400287,,
,,,,0.7423615518172362,0.2672851372665522
0.5916259540949169,0.4424051524485787,,,,
,,0.7169492664155352,0.579322525847352,,
,,,,0.7132424689441734,0.5224445280662182
0.5600185791108254,0.5190099550309708,,,,
,,0.7399836129593718,0.4322539720082085,,
,,,,0.7272406923810391,0.3293741487200847
0.6287066614787302,0.2698358032971777,,,,
,,0.7464261538063144,0.3343297511869283,,
,,,,0.7272488975442097,0.4019376802756272
0.5935053564322293,0.516887723171374,,,,
,,0.712739921290913,0.6394467549152072,,
,,,,0.7185806246517894,0.4265580734268638
0.5747860641085365,0.573330937819144,,,,
,,0.7249838282277155,0.5506171405550533,,
,,,,0.7332741658408362,0.392290696497462
0.6153264645559626,0.3928573230086621,,,,
,,0.7218731766353449,0.5700472164606328,,
,,,,0.7313999782533518,0.4186985007517051
0.6114943224852434,0.4262267436343031,,,,
,,0.6758349146320608,0.668455682841367,,
,,,,0.7418039774854027,-0.0241235547257971
0.5733345210977534,0.4917623048395004,,,,
,,0.7048311656679312,0.6688349418813697,,
,,,,0.7290965949220538,0.4017880359613217
0.593498247592054,0.445644057167042,,,,
,,0.7523782573967638,0.4482029760100973,,
,,,,0.7693978811570545,0.1595035070456375
0.5844477452358445,0.5262638074181486,,,,
,,0.7081758023614262,0.6429138112139143,,
,,,,0.7250979097194186,0.4089999491905768
0.6067263412998091,0.3905225465510963,,,,
,,0.7388106180491695,0.4052946901525703,,
,,,,0.7385688131391113,0.3217836662352685
0.5977631252599291,0.4229771199215625,,,,
,,0.7079470369489451,0.6690622389504401,,
,,,,0.7551046582170118,0.2405535310928513
0.6168733177428457,0.3454763708187959,,,,
,,0.7162767114389501,0.5431883995852151,,
,,,,0.745911973911791,0.4350626456036658
0.5947063677840287,0.3842447881280306,,,,
,,0.7229327416560553,0.5331682651114964,,
,,,,0.7378415685565245,0.4190720862368577
0.6109272390140397,0.4054507250505245,,,,
,,0.7136139971016877,0.5437486354377453,,
,,,,0.7399500697543778,0.4137239888142752
0.6076017506871849,0.4247704274685232,,,,
,,0.716542488079221,0.6043954243867482,,
,,,,0.7761340793033089,-0.4649291663257486
0.6380672827432582,0.1528294878026481,,,,
,,0.7285097835275476,0.5216925421003075,,
,,,,0.7661310487411285,0.2930910344426352
0.6248482443247623,0.3551466581074264,,,,
,,0.7041672833392232,0.5875768454787765,,
,,,,0.7316759542495972,0.342776404325241
0.5952997263608735,0.4611629240421346,,,,
,,0.7265840566351511,0.5183439753620384,,
,,,,0.731334882008255,0.4099986132142542
0.6105844876216484,0.3920720149791108,,,,
,,0.738688586098752,0.480662535131265,,
,,,,0.7624679350298397,0.2086395068689961
0.6074964201748257,0.4255964201111168,,,,
,,0.7465314001012244,0.3495265175766041,,
,,,,0.7480514085286254,0.3007192741386199
0.6081125364201745,0.1458622729174904,,,,
,,0.7388834001178417,0.4789966431164587,,
,,,,0.7393243886892782,0.3493633015022457
0.6074834019940751,0.399273964707142,,,,
,,0.733007985064692,0.5188915535406952,,
,,,,0.75032809071955,0.1932039337283115
0.615945929546067,0.3412594049707511,,,,
,,0.7656275398240727,0.2599222137136626,,
,,,,0.7364013831058305,0.3516351708851314
0.6000293385799598,0.4222759859486897,,,,
,,0.6928323317445577,0.6894608803057966,,
,,,,0.7224013895628187,0.4385695684102273
0.5877290064138917,0.5400470230278113,,,,
,,0.6987721479211009,0.5563386446817332,,
,,,,0.6996825680926992,0.4619705108765092
0.5934654037497709,0.4616090044060539,,,,
,,0.7330481472994999,0.5078165369646457,,
,,,,0.7595888521607324,0.2536978364999275
0.6088541406855202,0.4282216595942311,,,,
,,0.7330694225532535,0.4859791611422897,,
,,,,0.7066965880780709,0.5162659511535652
0.5993796066953008,0.3812640179610941,,,,
,,0.7469845075737422,0.4448903090337798,,
,,,,0.7188113291425311,0.483427447518519
0.6247445640999005,0.3117967401461781,,,,
,,0.7095658993185905,0.6389650056678209,,
,,,,0.7217751529947557,0.3817322181306686
0.5976374443635176,0.4206754584671412,,,,
,,0.7015323645132827,0.6987880814580567,,
,,,,0.7043837309759717,0.5674401783276786
0.6143768695874761,0.3457628566253059,,,,
,,0.7366077862564088,0.4546649864299371,,
,,,,0.7204089558595181,0.4664772128707923
0.5928880932330777,0.5100953114288579,,,,
,,0.7298188612559524,0.52293074825484,,
,,,,0.7576356298725331,0.1785878402513417
0.6222244963699448,0.2062541865507495,,,,
,,0.755290140389744,0.4006693887085646,,
,,,,0.7213895379927031,0.3887060662115498
0.6347611428728702,0.3516188143445602,,,,
,,0.754415124477702,0.3238267846846471,,
,,,,0.7603638851231203,-0.0516275066351081
0.5850008160690994,0.5163780117864181,,,,
,,0.6948821445432583,0.6334159037825107,,
,,,,0.7311649815513288,0.4311219791013094
0.6521290365561938,0.2020495875886582,,,,
,,0.7292674394791259,0.4372187808028104,,
,,,,0.7419996411692109,0.3122731720889778
0.6047680035305082,0.3929498980792143,,,,
,,0.7247997190712295,0.5159833384836083,,
,,,,0.7636279819694322,0.0965530527575668
0.6081876608737407,0.3916696761605223,,,,
,,0.7660625909753469,0.4745334776368429,,
,,,,0.7369312011513021,0.4064285269420886
0.5946600755029079,0.4273745860411522,,,,
,,0.6913804462132714,0.6520189659213986,,
,,,,0.7372609032507811,0.2805420038525057
0.6263719162354149,0.2464686685658221,,,,
,,0.7224783763192131,0.5973109867186785,,
,,,,0.7282091624991671,0.4446527307368815
0.6257354453031856,0.3667151655382109,,,,
,,0.7468593258329336,0.4458669481969951,,
,,,,0.7237873436991764,0.4081113883542191
0.6273008934607329,0.3628400321594782,,,,
,,0.7141667444073492,0.578197254663807,,
,,,,0.7419872156537721,0.1514636710121872
0.5958242390553646,0.4486961481269109,,,,
,,0.728819565838351,0.5900831303089367,,
,,,,0.7221769659960733,0.4595692759577194
0.6212000341846815,0.3703199602876752,,,,
,,0.7429567860204691,0.5464012527777024,,
,,,,0.7382973050808446,0.4304252356795374
0.6063215456050615,0.3722248443819552,,,,
,,0.7285486015912572,0.6013831393716715,,
,,,,0.6842089549466881,0.4382798979132286
0.6107779689526109,0.3571479453776826,,,,
,,0.70293951326945,0.622649700370494,,
,,,,0.7210575701057536,0.4017659941885939
0.6177889734588771,0.3638355330078175,,,,
,,0.764481930046109,0.1589767925425542,,
,,,,0.7150832899665791,0.4479046121321964
0.6088603875106816,0.4073591559483593,,,,
,,0.7504219644153982,0.4557797496501536,,
,,,,0.7457262303609544,0.2135382286952993
0.61568725324133,0.3158750637485845,,,,
,,0.7288914322501538,0.54096732918331,,
,,,,0.7536317349482747,0.29749685036904
0.6087913050820399,0.3668127195669898,,,,
,,0.7171511606201912,0.5598943453178383,,
,,,,0.7122774340087392,0.4088942963069613
0.6152419132036848,0.3308433734245954,,,,
,,0.7035059504361425,0.6245931905516653,,
,,,,0.7326030156716894,0.4110551415914738
0.5875325199809116,0.4743599762605955,,,,
,,0.7609623623406602,0.3814320809223179,,
,,,,0.7067555555395283,0.6035881219755281
0.5910198294202238,0.5059257931664431,,,,
,,0.7165400602845702,0.626085150361302,,
,,,,0.7101908724001917,0.5066751588868974
0.5907244522569748,0.5053437476569476,,,,
,,0.706131680729019,0.6224115077449668,,
,,,,0.7624969708640948,0.2817689914950058
0.6238424068584965,0.3017509878427046,,,,
,,0.73567654631851,0.3487719607531526,,
,,,,0.7628004904928829,-0.1290254829829125
0.5864836137907794,0.4400343370723524,,,,
,,0.7275817657395582,0.5405808028943964,,
,,,,0.7237453284400219,0.4757138708979306
0.6491202522408039,0.2736173795051871,,,,
,,0.7375158279487826,0.5483492755118906,,
,,,,0.7142264164181245,0.5028199906999975
0.6056638114649073,0.4604497712292402,,,,
,,0.7330161278773623,0.4158277965481131,,
,,,,0.74687376950489,0.3750783140137852
0.6141767101991777,0.3340299784254954,,,,
,,0.7625563901868571,0.2454596090874207,,
,,,,0.7484994523943631,0.0726027081757689
0.6032799249718792,0.4496652028516218,,,,
,,0.7564842594961712,0.4396255215276501,,
,,,,0.6829291002988629,0.4857940527849087
0.596932782097193,0.4752136732034147,,,,
,,0.7219786245046509,0.499576832229187,,
,,,,0.7203789240500862,0.4962316000681436
0.617480387706643,0.3132411302740074,,,,
,,0.7294297461331402,0.5784821188783216,,
,,,,0.7429128686054618,0.299041531973702
0.6202872708602323,0.1847174286968179,,,,
,,0.7328949324313021,0.4707830971953118,,
,,,,0.7220684283433653,0.424924287145515
0.6304046481684564,0.1358164486065654,,,,
,,0.7149225163498439,0.6412852311315334,,
,,,,0.719552629295642,0.4888704348185714
0.6198528674270258,0.3779090623565779,,,,
,,0.737419089832402,0.5076081723581239,,
,,,,0.7623759154998238,0.1484558614470028
0.6156918819450938,0.3661968188652555,,,,
,,0.7521270634688042,0.4625995100771589,,
,,,,0.7676292529896209,0.2049821208535017
0.6103959408903588,0.3485378658644009,,,,
,,0.7418828531684032,0.4767202259220124,,
,,,,0.7651326422515878,0.2545732912818689
0.586218547346931,0.4777693579918793,,,,
,,0.7262763598323809,0.5497126549931428,,
,,,,0.7397495274793195,0.2734787593414715
0.6225254438245187,0.2150805734347175,,,,
,,0.7396725180797477,0.4785663820667163,,
,,,,0.7319053124178063,0.4447297202619092
0.6007407163929954,0.5050295870125587,,,,
,,0.7628000860704143,0.115350006154882,,
,,,,0.7265152107652815,0.3133733582311888
0.6485370312476699,0.2003485527978924,,,,
,,0.7418602849565467,0.4555536617910778,,
,,,,0.7522696613821855,0.2984992640235424
0.5930734366643409,0.4334819178674566,,,,
,,0.7308814827845247,0.3573248739537101,,
,,,,0.6906913313468692,0.6384065281891071
0.6028482120178342,0.4114705568021279,,,,
,,0.7220772809652531,0.525649620988162,,
,,,,0.7455291110903997,0.4078494872886286
0.5946100322797563,0.4275475717542227,,,,
,,0.7092917744153295,0.6152209794567012,,
,,,,0.7561428138380706,0.2154219794532459
0.6006999138592548,0.4502606820859834,,,,
,,0.7572250619990721,0.3786524045957935,,
,,,,0.7247866294124317,0.4385843688473394
0.5878939660901163,0.5208943496013962,,,,
,,0.7196684605415652,0.4776227611414287,,
,,,,0.7230731614703385,0.4467515178446208
0.6008463613064987,0.3543587513078645,,,,
,,0.7291669671159251,0.5908952312062627,,
,,,,0.7456507617920614,0.3528566357166726
0.609389851646535,0.3362410882282257,,,,
,,0.7492039997122268,0.4991314958704431,,
,,,,0.7259165982804809,0.2879766588520521
0.6007471069622403,0.4047889622108664,,,,
,,0.7291858226563857,0.5702381731661774,,
,,,,0.7554722663071315,0.3047685018932844
0.5772146136591465,0.5921407249764623,,,,
,,0.715991066739935,0.5886602508435952,,
,,,,0.7126501047178821,0.5760033259023141
0.6400494395716563,0.2749602327876749,,,,
,,0.7380642434542094,0.5297206908034762,,
,,,,0.74219595836976,0.0820487792125405
0.6020096438217919,0.4442665502292927,,,,
,,0.7173143730011292,0.6326805828495756,,
,,,,0.6872027774576934,0.5066225037156088
0.6201437183502687,0.2832710654170657,,,,
,,0.7251039393928689,0.5989644864100361,,
,,,,0.7522985217783416,0.2759876483059038
0.5920495111400048,0.4000600602542288,,,,
,,0.7233463555392968,0.5469273401552546,,
,,,,0.7315038982004497,0.3658416002149331
0.5961105923821493,0.4546205401358231,,,,
,,0.7380596284558377,0.4439343980868381,,
,,,,0.7328524250301058,0.3178149828266282
0.6167853187266101,0.3468878036057061,,,,
,,0.7333862626787573,0.5649137945827631,,
,,,,0.7237550105407242,0.4515833396338701
0.5826352057869977,0.5732165833653813,,,,
,,0.72596096032194,0.5615557479405826,,
,,,,0.7204761456929575,0.4309027924169564
0.6043832237321969,0.3965030783461863,,,,
,,0.7638838387657129,0.4975755390499272,,
,,,,0.7352854194215137,0.3984642414845861
0.5797574127758727,0.4728490784750984,,,,
,,0.7192321088892168,0.5496111454060427,,
,,,,0.7241166822830397,0.320326090856774
0.5839983991290549,0.4800222966078931,,,,
,,0.7364494659869902,0.3946133666684031,,
,,,,0.728624475128681,-0.0283876805173093
0.5966489924238141,0.4813244761691528,,,,
,,0.7453638127940125,0.4806403391050451,,
,,,,0.7696740281366041,0.1614809786139937
0.603849347310423,0.4002866389668944,,,,
,,0.7433716385748085,0.4387569465584061,,
,,,,0.7224759258994218,0.4820180482619774
0.6176515961603735,0.3680547637222292,,,,
,,0.7201054381784332,0.6069869644050028,,
,,,,0.7127614702087302,0.466925406326428
0.5858155203568828,0.5563183186211168,,,,
,,0.7615659413377824,0.3136079872064389,,
,,,,0.7049549338780208,0.4348111705416738
0.6232313926984157,0.2389535368986448,,,,
,,0.7275755655057232,0.5212899301754745,,
,,,,0.7372357920048707,0.3408341858458814
0.6073267034131518,0.4359341200366128,,,,
,,0.716256141022756,0.6149407922927476,,
,,,,0.735127175608659,0.3850674528194094
0.5969118415375552,0.3727204509965313,,,,
,,0.7659983201781394,0.3970920551351951,,
,,,,0.7526761568095037,0.3695227242550507
0.6229007212750692,0.3678067131405551,,,,
,,0.7011884949610294,0.6514684927551435,,
,,,,0.752443541560488,0.2901912672882751
0.6188211361415474,0.3966240482104451,,,,
,,0.7044487534735472,0.6786594302490122,,
,,,,0.7370442667386712,0.3570112203604849
0.578160719266493,0.5978344788037744,,,,
,,0.7347355533147539,0.5313343449693712,,
,,,,0.7397407800974171,0.1937751953865717
0.5728878450578055,0.4611995663915595,,,,
,,0.728787702626881,0.5554774092622039,,
,,,,0.7322477559293682,0.3430325650173051
0.6131310079081973,0.3511625045135543,,,,
,,0.7238496337773455,0.550670161668436,,
,,,,0.7273657583162938,0.3295834269561086
0.5987469728281576,0.4373321178595892,,,,
,,0.6903498022894945,0.6335091194243447,,
,,,,0.7207045223839517,0.3688160373481931
0.5900872338313823,0.5339683059158467,,,,
,,0.7517486282564889,0.4698768103058596,,
,,,,0.7447345584379077,0.3522054233880223
0.6070462432807362,0.3498556857091771,,,,
,,0.731866340920815,0.4888547664271926,,
,,,,0.7461290515910008,0.1191857347857192
0.5938844669791012,0.4608478940341157,,,,
,,0.740428758224816,0.3713333726408164,,
,,,,0.7320969281552753,0.4509687326780562
0.619735509813519,0.3251036761223389,,,,
,,0.7017851984793702,0.6887306491559552,,
,,,,0.6839080196464223,0.6386152980057134
0.5990090281083604,0.4500102461946962,,,,
,,0.706379223157586,0.6960207219671788,,
,,,,0.7422283531979331,0.3215566491088445
0.6215123309875105,0.3497499566700122,,,,
,,0.7166575374940123,0.6228432667618713,,
,,,,0.7452855474980786,0.2152870126893551
0.6016306250909973,0.4492545460250441,,,,
,,0.719960193899587,0.6078548791723266,,
,,,,0.7409246282722453,0.2485989875031049
0.5982648592129238,0.4529424411074346,,,,
,,0.7340230920076128,0.4604656108257624,,
,,,,0.7607349023505346,-0.1819350799725445
0.6109528585417534,0.4235821362457772,,,,
,,0.7060395227486721,0.6820052996619317,,
,,,,0.7121466476780338,0.543317592684249
0.5971532102389812,0.4603880505370439,,,,
,,0.702417138856716,0.690068034034769,,
,,,,0.7390213181644936,0.3865357765460553
0.6124807887827319,0.3992793392579258,,,,
,,0.7411057649907178,0.5094806113042627,,
,,,,0.7503748556183097,0.0769166299588925
0.5845599670187034,0.515985719373326,,,,
,,0.741244378624224,0.4886217349178972,,
,,,,0.7345644409811019,0.3981379996774138
0.5907508269198769,0.4892453716119307,,,,
,,0.7302724878105168,0.5189396678158311,,
,,,,0.7547049766974099,0.2757375488410992
0.6068779094570489,0.3874888550431744,,,,
,,0.7071850172651363,0.6351498326596141,,
,,,,0.7156171006593657,0.4165427298937687
0.5953212039852271,0.4145393714027043,,,,
,,0.7249962614125723,0.5111399060302086,,
,,,,0.7399682280800088,0.2131756770901284
0.5966017551402689,0.4049179875442056,,,,
,,0.7046755109958294,0.6165339971413426,,
,,,,0.7701181731357645,0.2578514100130039
0.6071649183432549,0.3785972836160876,,,,
,,0.7043573639262344,0.7334932102572839,,
,,,,0.7276362434296683,0.3853486403130454
0.5793466661186555,0.6218510005683658,,,,
,,0.7404372714605355,0.4367689903650334,,
,,,,0.7869836791304122,0.1597461983316235
0.6098636065226879,0.381487341098667,,,,
,,0.7313382315345924,0.481099954771652,,
,,,,0.7351010312404431,0.4421733144642387
0.5917807405584513,0.4849776673497165,,,,
,,0.7344018650228139,0.4795275349194785,,
,,,,0.7030366350929198,0.5459781092181102
0.5988177330614157,0.4594451717951685,,,,
,,0.758144278793589,0.3970693992452908,,
,,,,0.7495493034413161,0.0489182529572805
0.5835861761540488,0.4982731388633153,,,,
,,0.7442689604731566,0.3708056767993511,,
,,,,0.7381022179036082,0.378391355612099
0.608565730490038,0.3625463336525959,,,,
,,0.706144887266476,0.6798206193001115,,
,,,,0.7334886354361587,0.3721214473401109
0.6030222889898136,0.3611747625337903,,,,
,,0.7172072808707355,0.4813052902561093,,
,,,,0.7326478856446471,0.2916334604340186
0.6041437162177963,0.4072407295203392,,,,
,,0.7224672730691587,0.5031147668242568,,
,,,,0.748367372859716,0.2916667755030502
0.5945750744671938,0.428905095663604,,,,
,,0.7321506773229236,0.5054596746991245,,
,,,,0.7761999957306585,0.2059421071573384
0.6124345893944181,0.3722395843136534,,,,
,,0.7577976755906559,0.1589764747732905,,
,,,,0.7240837966469315,0.3639444513437687
0.6036774368091502,0.3056594586044026,,,,
,,0.7291390620998114,0.515946421828197,,
,,,,0.726724566193101,-0.0095031298472443
0.5983372185291853,0.4105454452924224,,,,
,,0.7053884010380634,0.6674759964890866,,
,,,,0.7297045144205488,0.3099287050393597
0.5992479812957108,0.4222081405641237,,,,
,,0.740250306560698,0.4860189752875542,,
,,,,0.7287177276195306,0.4079817428420018
0.6110578717034072,0.393893163010048,,,,
,,0.6989094420527255,0.6403140679145809,,
,,,,0.7906693432190798,0.0915621173143095
0.6371642631177626,0.2667227577438076,,,,
,,0.7565281538005717,0.3528576316787873,,
,,,,0.7523573011197113,0.302383131111124
0.6229679273127442,0.2736424211287923,,,,
,,0.7292322623593921,0.4847202332195488,,
,,,,0.70458719441083,0.485012288967942
0.5950662089975226,0.4834596796967461,,,,
,,0.7192990315061287,0.5488952464950339,,
,,,,0.7447200137042165,0.3884862624718936
0.5825940281179912,0.5379789783664425,,,,
,,0.7001022405609559,0.6640936446028312,,
,,,,0.7680413286882976,0.1274488296053256
0.5950250566002793,0.4265714273702063,,,,
,,0.7144687291456036,0.6702760756575139,,
,,,,0.7214898602873446,0.4902390351180369
0.595781543390774,0.4734428084711106,,,,
,,0.7169310618339146,0.6411896035409121,,
,,,,0.7269701261863949,0.3664778565217648
0.6039671353713907,0.4192882244576181,,,,
,,0.7220402510038622,0.58242248235885,,
,,,,0.7395724036978265,0.3814789593936842
0.61884482878911,0.3654355821127246,,,,
,,0.7115633307805163,0.589406097665012,,
,,,,0.6999196457019434,0.5823092921409168
0.5893160658644799,0.4381139905852743,,,,
,,0.7443119808741074,0.3508720097144822,,
,,,,0.7507449364531392,0.1861929004664549
0.6109584531610665,0.4154470626469971,,,,
,,0.7038342225418023,0.6622446718053165,,
,,,,0.735679809941539,0.4416125715787324
0.6209478577599966,0.2440473976781664,,,,
,,0.7303652313957001,0.5195641524654284,,
,,,,0.7198255864870251,0.4531101200542199
0.5987574721215251,0.4975609309098271,,,,
,,0.72869216511644,0.6069703298765639,,
,,,,0.7415792566034607,0.3925994374301506
0.6155656193109333,0.3076140348749547,,,,
,,0.7300581642904489,0.5326195141123207,,
,,,,0.7185793149712596,0.4911813091883978
0.6317398746201955,0.2366904001058282,,,,
,,0.7312709133631161,0.3828899423020134,,
,,,,0.7657868079802228,0.1913048955416455
0.6089685280994563,0.45431052839227,,,,
,,0.7363756449073181,0.4557789333051493,,
,,,,0.7318006370698074,0.405795795878532
0.5911803185815312,0.5043554779143249,,,,
,,0.7853865289500895,-0.1110244171865271,,
,,,,0.7485143862671135,0.3650311551255015
0.5949560879031146,0.4926128076783512,,,,
,,0.734593591125146,0.5196425211426786,,
,,,,0.7649698081970078,0.2865817569161105
0.6055670419748962,0.4508698641784007,,,,
,,0.7685478599190007,0.180838037076503,,
,,,,0.764017798786177,0.2683212753743407
0.5883425240978366,0.5456907871029801,,,,
,,0.7155330469403952,0.6339633207874096,,
,,,,0.7283809489033268,0.4118099401672237
0.6039113622751989,0.4210724250689077,,,,
,,0.7381177873461162,0.4685207357104253,,
,,,,0.7383871039767562,0.2715682918346053
0.5878241973474068,0.477663499041242,,,,
,,0.7450561727240378,0.1847585851096044,,
,,,,0.7101978256615527,0.4501310177482219
0.6539890128808813,0.2361381050158688,,,,
,,0.7345498224430544,0.5307436287183414,,
,,,,0.7572883073883659,0.200356995059724
0.6550507658382828,0.0511086031546317,,,,
,,0.7375665927508095,0.4283423542058543,,
,,,,0.7103171630182611,0.4960635066565828
0.6132010503804135,0.3418629711146927,,,,
,,0.7104300557591285,0.6254875529602185,,
,,,,0.7216159706535105,0.4510959551526152
0.6254435814122444,0.2850217213341925,,,,
,,0.7263002027622266,0.5886052765185066,,
,,,,0.7102965789494552,0.3730989544319854
0.6177929116328508,0.3797749942391225,,,,
,,0.7151343968104461,0.6037855661616195,,
,,,,0.7248770654052847,0.4505326231148544
0.6206080508135882,0.3722538759390997,,,,
,,0.7285903275560277,0.5051445466606508,,
,,,,0.7493901059720722,0.2907797142767208
0.602067085411303,0.4730792534848749,,,,
,,0.7572256317547771,0.3566365822218724,,
,,,,0.7149246283360455,0.4871487778963961
0.6064184906342704,0.4458812713467757,,,,
,,0.7192728324554694,0.6117496268891025,,
,,,,0.760064346963003,-0.30008090245271
0.5946879844078505,0.4885567549413555,,,,
,,0.7163728986267556,0.5699951473249715,,
,,,,0.7322247620592589,0.3167841110616652
0.6030717216873847,0.38007822925271,,,,
,,0.7481864387613819,0.5118551831970287,,
,,,,0.72971715100751,0.4265708894142744
0.6138358734924321,0.396475310827671,,,,
,,0.7098521914211663,0.634780603298037,,
,,,,0.7127367592430991,0.5193060006298829
0.6151967176949417,0.3684737855939444,,,,
,,0.7430226793329822,0.3196211949860404,,
,,,,0.7249970416227665,0.4571640472419013
0.5841368384981246,0.4673027240526152,,,,
,,0.7590804709618255,0.272463378431215,,
,,,,0.7621664728071064,0.0885042711709801
0.6203048360829904,0.2672653689299791,,,,
,,0.7318915901988925,0.5118031690545892,,
,,,,0.7169090272013883,0.3851911323401398
0.6174638676597997,0.3395520770926841,,,,
,,0.7259388171935374,0.4231041152001202,,
,,,,0.7191780486989359,0.4164815902087705
0.5985461755062735,0.4464864503887716,,,,
,,0.7400993229378068,0.54682037865547,,
,,,,0.7263854405897542,0.3747222855137733
0.5986679328887273,0.4104741003258063,,,,
,,0.7195801018430872,0.5650923459788894,,
,,,,0.7383578735031824,0.3614788264424174
0.6203067633942978,0.3413909612886553,,,,
,,0.7656833470543425,0.36807911625419,,
,,,,0.7816630920327254,-0.3131867380003026
0.6344320680467939,0.349983454902148,,,,
,,0.7264552582798169,0.5691979056995932,,
,,,,0.710310026742588,0.4799291312748375
0.5767037535351012,0.4936879636961945,,,,
,,0.7586819226077797,0.4338096342548482,,
,,,,0.7357676700780265,0.1152276979075426
0.607117048731238,0.3706331845883225,,,,
,,0.7359992033639173,0.4293934734543766,,
,,,,0.7577496570565347,-0.1272986945073699
0.5937307132144889,0.4754520603990672,,,,
,,0.7512888960124514,0.4178270546758156,,
,,,,0.7296491889696882,0.3391236685648209
0.6010886601434355,0.45686090573295,,,,
,,0.7230986568547227,0.5821967417319294,,
,,,,0.6949018919398775,0.5613460292045118
0.5722635879541027,0.5075382255632881,,,,
,,0.7200879793409751,0.5419929514550512,,
,,,,0.7481745607462027,0.372143897153085
0.5824768585849145,0.4650271284534275,,,,
,,0.7292118406308778,0.5775825371062889,,
,,,,0.7387555137540256,0.2837941438642707
0.6373708467602486,0.2784578998472536,,,,
,,0.7149901574896999,0.5789766287319086,,
,,,,0.739761751239052,0.3969136895562504
0.6018197232330806,0.4119433904640261,,,,
,,0.7356033393138066,0.4083069292557784,,
,,,,0.7454840151140979,0.2605324175178803
0.6144869081716555,0.2893255442419993,,,,
,,0.7323038938002462,0.5265601874954219,,
,,,,0.7221077025514702,0.2648735278243939
0.5973971695051356,0.3698570052719094,,,,
,,0.7349477318265982,0.3411645599358595,,
,,,,0.743896875322087,0.3404327263670894
0.5835566065362345,0.4627279543763652,,,,
,,0.727989907696744,0.4741602038302369,,
,,,,0.7145793200603385,0.568331147571552
0.5854061902271472,0.5031451716250004,,,,
,,0.7418033748333709,0.3339029058829004,,
,,,,0.7613878901910088,0.1404482220778519
0.6078322306010101,0.4046410585091248,,,,
,,0.6794306229500591,0.6985039839506845,,
,,,,0.7750316820346513,-0.0212698423332042
0.5955373570430014,0.4711779392438744,,,,
,,0.714970957901319,0.6122422139271833,,
,,,,0.755264431313302,-0.1730533657551101
0.5981603492872585,0.4117996322056351,,,,
,,0.728940955209547,0.5318831632358363,,
,,,,0.7178626356055736,0.4490187318323571
0.6147218658484639,0.3894510017891913,,,,
,,0.7304389661360282,0.4106339088995432,,
,,,,0.729552837130134,0.4240096250188909
0.5883539042679987,0.42642266706795,,,,
,,0.7303425138626711,0.5411057015837275,,
,,,,0.7348600935687147,0.4177212471210521
0.602059780378674,0.4236405677177479,,,,
,,0.7651119767846667,0.1536724766278917,,
,,,,0.7113019042355613,0.5127282490892593
0.6136454821581494,0.3411232112307628,,,,
,,0.7123319034375772,0.5991725149298117,,
,,,,0.7126047215957225,0.4534554893017009
0.6206620286166344,0.3627455075736299,,,,
,,0.7067169869340627,0.6592136760202976,,
,,,,0.7103491693202115,0.5009972230545048
0.5889813876870127,0.4647771948223996,,,,
,,0.7090928454408141,0.5892881816997284,,
,,,,0.7405160864373577,0.3961026706640854
0.6478984319899953,0.2906779206735281,,,,
,,0.7233871672913954,0.5398926281737209,,
,,,,0.7304924835345392,0.3959429668973986
0.5796772701345538,0.4636815385510086,,,,
,,0.7986278817887345,-0.0132760298350296,,
,,,,0.7474382160189565,0.1794292020973376
0.6454079391925767,0.247522286784945,,,,
,,0.7781478433499558,0.2898632453241501,,
,,,,0.7293983016901673,0.3678828080837176
0.6130121497380558,0.4058639612884751,,,,
,,0.7009254566273898,0.6090387010288172,,
,,,,0.7564756640499852,0.2878620242742364
0.597819120387916,0.4393962189499315,,,,
,,0.7239684662034758,0.5946592929914558,,
,,,,0.7187741104700344,0.5449702483414518
0.5952990490101415,0.4512557420813782,,,,
,,0.7813907766709165,0.3201848313805998,,
,,,,0.704792546291606,0.5436671995522702
0.5954387775188166,0.4499755695076046,,,,
,,0.7103811250853823,0.7213052492277702,,
,,,,0.7197350916204036,0.4877454772040041
0.6238352086187171,0.3711043602022061,,,,
,,0.7147820611641182,0.6259826670100535,,
,,,,0.7167647346548282,0.4539008024268983
0.621380720093832,0.3600281788500559,,,,
,,0.7552394074401485,0.4604708454126325,,
,,,,0.7028563212344685,0.5178818167941082
0.629131573808279,0.3180737954514611,,,,
,,0.7331725277215296,0.55998988790593,,
,,,,0.7142335088619365,0.5543590301537421
0.5846752226840339,0.523419976379166,,,,
,,0.7023112979831851,0.6165675432301738,,
,,,,0.7447644932886179,0.4498751423524971
0.6314249703858341,0.2956782985553922,,,,
,,0.7777302559572206,0.4493346551330911,,
,,,,0.6834367701377804,0.545108486067232
0.5830581059961477,0.5378955866531903,,,,
,,0.7363893971239144,0.4839556061784689,,
,,,,0.7150901984424611,0.514674474214873
0.6150179584737385,0.3846254969679783,,,,
,,0.7365902410113827,0.5300305925957929,,
,,,,0.7007185320663065,0.571532702046603
0.5996645824113569,0.4611775705882941,,,,
,,0.7235251881253804,0.5993450169307755,,
,,,,0.7101700907323469,0.5245958262146577
0.5835960841593677,0.528520091431347,,,,
,,0.7451828395529412,0.4707018811079024,,
,,,,0.7562245651408157,0.1422383691268277
0.586340674232491,0.433206850616976,,,,
,,0.7437924300797529,0.3698525033669109,,
,,,,0.7250497747754017,0.4625330682240818
0.6339682894196681,0.1370231505723114,,,,
,,0.7480254054929807,0.4823748238461645,,
,,,,0.7628329293169597,0.1640062508431568
0.6198639592202869,0.3731566672131725,,,,
,,0.7319981524914997,0.5358974751586638,,
,,,,0.6979555193410943,0.557780360023866
0.601617440406649,0.4494936314423148,,,,
,,0.7317975782402351,0.4831204575972634,,
,,,,0.771868706565632,0.1322685474885929
0.6094447785045732,0.4051962608620104,,,,
,,0.7314241665604557,0.5269718246865569,,
,,,,0.6979032046957945,0.5120768770163799
0.6381535113513854,0.3027076587034558,,,,
,,0.7455889728693177,0.4739275124112092,,
,,,,0.7646565198517924,0.2132687824717054
0.5914553495372558,0.4637268297716315,,,,
,,0.7392796119256582,0.4629084569612389,,
,,,,0.712314457338028,0.4951622659694311
0.5807944923077308,0.5175215822678992,,,,
,,0.7324284461549684,0.5319313660866258,,
,,,,0.7173701495780588,0.4802592476241545
0.5892687301417128,0.4950906353173759,,,,
,,0.7179007198600749,0.5410598944503147,,
,,,,0.7288012484588164,0.4444198000483805
0.6048483329412349,0.4383392568136549,,,,
,,0.7372654703681514,0.4792282858822024,,
,,,,0.7349122042880935,0.3131639168419156
0.615548405339017,0.4037552871919622,,,,
,,0.7450640852207232,0.4700487207760461,,
,,,,0.7619251363652131,0.3254990535300768
0.6187658478834909,0.3764024078043114,,,,
,,0.7285032456010901,0.5337512564275416,,
,,,,0.7459302713606522,0.347429786297584
0.5864898962307419,0.4538509319806354,,,,
,,0.7316792220226429,0.5448842047652015,,
,,,,0.7187875268578141,0.5207888218569259
0.5805755704314285,0.4888850201114251,,,,
,,0.7523275355374609,0.4474365684979062,,
,,,,0.7079338226849439,0.4858635844758301
0.6150470340936216,0.4066443362730477,,,,
,,0.7358062754804444,0.483206480286529,,
,,,,0.7194489335110554,0.5015603671594655
0.5735437319640797,0.4972073263065677,,,,
,,0.7454085741688098,0.4439529607147935,,
,,,,0.7209217243778991,0.4593895212445278
0.5836771342066235,0.4673659716338352,,,,
,,0.7712447519435315,0.2677535549630283,,
,,,,0.7192453010673149,0.4805588141169368
0.6039263227709656,0.4498904462195994,,,,
,,0.770106525752292,0.3588260559706475,,
,,,,0.7311805319362723,0.2498322800839469
0.6100202996655084,0.34884037934895,,,,
,,0.7453416287690047,0.4846163216100303,,
,,,,0.7522405800141861,0.3151248480915833
0.5954057122138012,0.51283695873663,,,,
,,0.7324387710004356,0.5087760425451087,,
,,,,0.7033959378235577,0.5452596720260696
0.6179071784956893,0.1909968207156811,,,,
,,0.7392960743720186,0.3684750178885522,,
,,,,0.760920017650494,0.14236776375547
0.5820375392247514,0.5619670949528387,,,,
,,0.7478969446251744,0.348368720854429,,
,,,,0.7463979769499205,0.3733656687765324
0.6087900132451831,0.409234569301523,,,,
,,0.72389487777363,0.5134789219961648,,
,,,,0.6939469911925213,0.6248610481898618
0.5987455055465212,0.4863756021287185,,,,
,,0.780032409587947,-0.0267290391802659,,
,,,,0.7363023515544255,0.2805281435954064
0.604911787706038,0.4283813742821553,,,,
,,0.7307881701303041,0.4896385186276558,,
,,,,0.761057120402729,-0.0713806799800182
0.5813748283350972,0.5288227972360153,,,,
,,0.7392189186566012,0.4504657800525306,,
,,,,0.7489937333854777,0.380188508925565
0.5818018053383218,0.5769676459878814,,,,
,,0.7450765066201339,0.5215645378103339,,
,,,,0.7411773194270115,0.3049704980180611
0.6236368130781612,0.3418908361556311,,,,
,,0.7437468609443254,0.4342083998094781,,
,,,,0.7239700401226434,0.4465290205545242
0.5942247930981648,0.4528254193890946,,,,
,,0.7562595604058511,0.425065495847903,,
,,,,0.7359464301705542,0.3237515188661547
0.6125711376000564,0.3584627800270901,,,,
,,0.7599265588774532,0.2796355669109081,,
,,,,0.7137235788150522,0.4925045283896818
0.6103371049129278,0.3603027426306007,,,,
,,0.7622887806363202,0.5165738433842311,,
,,,,0.7603946820613461,-0.0122229901862465
0.6137524537265766,0.3355178140524709,,,,
,,0.75403704623675,0.431868454827951,,
,,,,0.7252686881796415,0.3261982426611315
0.605252868675229,0.3936517635168756,,,,
,,0.7342328854941158,0.4871457655774626,,
,,,,0.7234046977450443,0.2583157090025286
0.5785005948598825,0.4210753363946907,,,,
,,0.723923845151211,0.5385150904082757,,
,,,,0.7570337950354241,0.1691547262367158
0.6157013664336489,0.3652678189629826,,,,
,,0.7385208798037604,0.3289871740915299,,
,,,,0.7211337810761993,0.4252799001179496
0.5931513171923091,0.4865109397385728,,,,
,,0.7343147608908719,0.4393716937750523,,
,,,,0.7677274048902276,-0.0249715179701417
0.6095580409777768,0.4039323473354245,,,,
,,0.7849790377026511,0.372439648938662,,
,,,,0.7674538580618827,-0.0076801203312069
0.5830120143437767,0.3985360645273281,,,,
,,0.7644647370898021,0.2263283382063449,,
,,,,0.7228268681477064,0.4452744004916078
0.6068358682865288,0.400270453292035,,,,
,,0.743223829066357,0.339003083246961,,
,,,,0.7119024706208538,0.1877881593205901
0.6073735624348038,0.356320555985397,,,,
,,0.7154120362966165,0.5656869361137242,,
,,,,0.7375019890547392,0.3707196683937109
0.6014951091332257,0.4092080204102781,,,,
,,0.7420139874441178,0.522837873994995,,
,,,,0.7294799724034218,0.40069585038265
0.6355416188403832,0.320383787914222,,,,
,,0.6980574091243898,0.74518309759611,,
,,,,0.7538092975980388,0.2623540431538652
0.6084625546607629,0.388612712209387,,,,
,,0.715874104650464,0.5997444443191291,,
,,,,0.7327439730567589,0.3729201407532105
0.5843536232836837,0.4386324688587233,,,,
,,0.7238097182733148,0.5571726970944358,,
,,,,0.7348856917268167,0.40795203589827
0.5955367733523866,0.5006352681742839,,,,
,,0.7351242046759275,0.5413188681365667,,
,,,,0.7570537759402095,-0.0377434896557413
0.6254098410486665,0.2453963678701548,,,,
,,0.7212977614932217,0.5773383794151885,,
,,,,0.7202872666987452,0.3956016099243408
0.5956529475213191,0.4526152387352259,,,,
,,0.6889938047294358,0.6850551129214293,,
,,,,0.7534986080045759,0.3311187500992636
0.5934631897575946,0.3838277641300304,,,,
,,0.7464759331355779,0.5222169964298642,,
,,,,0.7475300493086936,0.1803481826611707
0.6197145605669114,0.3919989780036952,,,,
,,0.7191731314383953,0.6527180986703215,,
,,,,0.7427565715400648,0.1161061225846257
0.6557134489998575,0.2147584621609652,,,,
,,0.7408923171312249,0.3118071642323421,,
,,,,0.7306810210800085,0.2397361898322143
0.5836374696797235,0.4469838136011883,,,,
,,0.7340837705539933,0.4229206602262432,,
,,,,0.7314173165572835,0.4301252401905616
0.5985859507742294,0.433526017874115,,,,
,,0.7184711222644895,0.5293510109543298,,
,,,,0.7470312678708968,0.2402627823092448
0.5876058862776824,0.5408127760721377,,,,
,,0.7124477681738375,0.6717594285230052,,
,,,,0.7368559943006652,0.3536988066907508
0.5857295994791971,0.5624728816025064,,,,
,,0.7299631454534599,0.5752715608638169,,
,,,,0.7549371286834816,0.2893586129103882
0.6119628289995074,0.4070203353136584,,,,
,,0.748104601745261,0.133596427777782,,
,,,,0.691224131520848,0.4828802159867579
0.6060583243554247,0.4177961447991053,,,,
,,0.7488956249869854,0.4118343669308488,,
,,,,0.7597970749221421,0.1579075072020299
0.6132381526626869,0.3960751811622116,,,,
,,0.7624283566994234,0.2813726303515657,,
,,,,0.7453773239827828,0.3098853657173513
0.602125491932734,0.4582917416854708,,,,
,,0.7362355920464515,0.4976558989200152,,
,,,,0.7325769543511826,0.3677634333958332
0.6248904102151409,0.1780859652878142,,,,
,,0.7472817295189129,0.445432496404881,,
,,,,0.7029103520069404,0.5359696859063638
0.5962213551593399,0.4543769528030964,,,,
,,0.7261623034059577,0.5681797024938066,,
,,,,0.7487789333204068,0.341159684576915
0.6131791039810177,0.4197745207488703,,,,
,,0.7321220365917527,0.4551956586524809,,
,,,,0.7327141937295197,0.2665296816861
0.5998822452739715,0.4622009507733022,,,,
,,0.7500046688463294,0.3805414546233606,,
,,,,0.7571630548006604,0.308047199037852
0.6186665801233066,0.3122070517371613,,,,
,,0.7565271808053233,0.159427318126114,,
,,,,0.7125540156060498,0.465035727723377
0.5969654366086186,0.3769129061498998,,,,
,,0.7396587257761779,0.2960345763238377,,
,,,,0.7350795730961652,0.1707599320660461
0.6203478734879699,0.3345140688884013,,,,
,,0.7395904410698326,0.4119240600087388,,
,,,,0.7385992298446764,0.4165422325913052
0.580148221124448,0.5500931790100296,,,,
,,0.7120721197102116,0.5837138596880376,,
,,,,0.7429066751187136,0.3783060719074734
0.5875868285327839,0.5439946185903601,,,,
,,0.7099007983029493,0.5762377045081559,,
,,,,0.7513858807430862,0.2290043475433331
0.6154580897989202,0.4055475207630141,,,,
,,0.7382088019176525,0.4829539851323691,,
,,,,0.727816789712723,0.0628165150259679
0.6165485773185526,0.2624143401656247,,,,
,,0.7346849209905498,0.469851998005634,,
,,,,0.7220399935036448,0.3430026840106768
0.5801769661327536,0.5102645559339026,,,,
,,0.7614734810460314,0.38142258440974,,
,,,,0.7918197247298707,0.1249482279617738
0.59575123396664,0.5086825504466833,,,,
,,0.7144429807454686,0.6236322848179617,,
,,,,0.7447940545317175,0.1318793264382683
0.6061228376719867,0.4355970669320113,,,,
,,0.6997901500516995,0.6939890996066409,,
,,,,0.7334057915558733,0.3282598638773336
0.6209707787809566,0.3982705422318543,,,,
,,0.7225169961887385,0.5773170211889581,,
,,,,0.7478263266847442,0.2761855049249079
0.6290060853340833,0.2866771873525762,,,,
,,0.7532045661029266,0.1748133807284509,,
,,,,0.7370320213766575,0.0572808965371135
0.5929407924605659,0.4499548683855086,,,,
,,0.7423857747671213,0.3289345704560737,,
,,,,0.7253751186504657,0.4568530988269974
0.6382663432400333,0.2093749610951898,,,,
,,0.750441308030485,0.3967453560286218,,
,,,,0.7226978804508026,0.3830728608125713
0.6079671297610502,0.4460831336384913,,,,
,,0.7186028779988525,0.59320521530708,,
,,,,0.722495599795173,0.433487598459664
0.6054452809834243,0.3537745465710852,,,,
,,0.7353082392021776,0.519114341627865,,
,,,,0.7993221470237081,0.1202856395245627
0.5965965626847978,0.4605437929104091,,,,
,,0.7383296726996769,0.4582299323427493,,
,,,,0.7442883092091757,0.2532568854841273
0.6195805863310492,0.3428946637789003,,,,
,,0.7185107873367959,0.6004606752649282,,
,,,,0.7646917503848184,0.0894721469422247
0.606027585009369,0.351830185255891,,,,
,,0.7317687622304136,0.5652142415379983,,
,,,,0.7059744128412468,0.5843311188407458
0.6235362446414152,0.3234235557780671,,,,
,,0.7104695687215221,0.5803501402775411,,
,,,,0.7295332915735935,0.4347108479437787
0.5906913204097402,0.5083148237494952,,,,
,,0.7352458285973402,0.5704470944244577,,
,,,,0.7314575204547213,0.410170901251748
0.6050245624019135,0.3553195869191464,,,,
,,0.7087616814552957,0.613854208408811,,
,,,,0.7600696628372272,0.3291338281800346
0.6071990900722721,0.405606895389494,,,,
,,0.7133860641651244,0.6084110700022027,,
,,,,0.7240929735106135,0.5041542876782961
0.5839634971356658,0.5068057022354806,,,,
,,0.7277638925511628,0.5675294239062603,,
,,,,0.7376323575962986,0.3612802588834009
0.6134001562798759,0.4275511142733176,,,,
,,0.7274886885928451,0.5983022146987212,,
,,,,0.7883557722209273,0.1678385351272966
0.6301982360789293,0.3302273862412206,,,,
,,0.7418657251560681,0.4985134043909222,,
,,,,0.7449656137547279,0.086356521564062
0.6093530707327677,0.3866684005000241,,,,
,,0.7280971410354258,0.5960053122006446,,
,,,,0.7648243183953294,0.1656946828596491
0.6404422886918995,0.1965470843435069,,,,
,,0.7277584874285938,0.5350656577715712,,
,,,,0.7324040557467988,0.2842323703034273
0.601491502789451,0.4157384133305377,,,,
,,0.7449814348421585,0.4861253750651193,,
,,,,0.7227218583851811,0.4243667401296621
0.5856925971703939,0.51699279836062,,,,
,,0.7364958083063642,0.466976076284523,,
,,,,0.7547347099616452,0.1640193945236964
0.598089314639622,0.4703284249745677,,,,
,,0.7304140856158791,0.4826471336270158,,
,,,,0.7750845753613655,0.1282194133578873
0.6154794930287167,0.2989672065470422,,,,
,,0.7197431446938227,0.5992753146847156,,
,,,,0.7228480409773934,0.4790142970694236
0.5927015814620321,0.4495804573020304,,,,
,,0.72369846815617,0.5681530703560627,,
,,,,0.7582329812597274,0.3006635980880047
0.6020122771440344,0.3485739292233025,,,,
,,0.7387992000775221,0.502958833310692,,
,,,,0.7172592391523542,0.3987301417007851
0.5755350009637686,0.5268937432561709,,,,
,,0.7379355598087946,0.4964821539881647,,
,,,,0.7484397200074149,0.250841960099335
0.5891128852406381,0.4178181003058003,,,,
,,0.7436402902969592,0.4661599027193247,,
,,,,0.7413638567837801,0.3890371399700942
0.5969422207580923,0.4071075420750394,,,,
,,0.7168209577987557,0.6436345300860833,,
,,,,0.7444427058355518,0.3914846465349995
0.6190772881752317,0.2412476875339775,,,,
,,0.7275990529354978,0.4991498360282939,,
,,,,0.7736729049030858,0.2457411719406323
0.5997696849027103,0.4726117604599759,,,,
,,0.7257156516113779,0.5348852901821157,,
,,,,0.7454655564702782,0.1985747275989676
0.5828936749825729,0.479883673930485,,,,
,,0.7504063868606721,0.3821931923217352,,
,,,,0.6979233473843276,0.5569165519642371
0.5887848253554624,0.4999333646570161,,,,
,,0.7403201344252618,0.5074037440657784,,
,,,,0.7132223149783682,0.4355804906856333
0.6089604523667451,0.3559414429142882,,,,
,,0.7064403583520575,0.6344287013385933,,
,,,,0.7483757375112858,0.2131437920509936
0.5896767374188157,0.4447143730905231,,,,
,,0.7236245614778662,0.5243665607306626,,
,,,,0.726343023643661,0.3976488936388387
0.6020901060113184,0.4070341063352514,,,,
,,0.7479307760501355,0.4684888961929839,,
,,,,0.7210994531866812,0.3466166661051595
0.6236376189792217,0.3285052006305698,,,,
,,0.7178896257808831,0.5994169075794192,,
,,,,0.7134244518943726,0.4732995733494977
0.581580241004815,0.5249732653817127,,,,
,,0.7473379675493738,0.3831252713145118,,
,,,,0.7576361318731613,0.3453252620473195
0.5907987757667585,0.4325043019325281,,,,
,,0.707809578133335,0.6651742757376988,,
,,,,0.7718206566053281,0.2673983785037616
0.6028303637930186,0.4404245108993005,,,,
,,0.71860238897517,0.5242462495280167,,
,,,,0.7413804401927186,0.3195436933907629
0.6037397583959424,0.4088205557529899,,,,
,,0.7373858891239183,0.4602656671722667,,
,,,,0.7429400940734714,0.3644490844714566
0.6269494785967067,0.2396272704383529,,,,
,,0.727310644134982,0.5542471517047105,,
,,,,0.701102691119881,0.5453459044729632
0.5876873928021055,0.4719594202280208,,,,
,,0.7161080625218607,0.5739767139686587,,
,,,,0.7444614679902339,0.3289466713555479
0.5966315100213072,0.3939321282402782,,,,
,,0.7305574480080139,0.4705435569891195,,
,,,,0.7250506322259205,0.4295238113695531
0.5700864056253565,0.548581072204021,,,,
,,0.7333856430400707,0.4729698265521783,,
,,,,0.7227635913504857,0.4560070326789058
0.6051260295058125,0.3927245306296107,,,,
,,0.7511384830322291,-0.1048722138069846,,
,,,,0.7593015784799497,0.0332063292593921
0.6262420324659642,0.2325452317295897,,,,
,,0.7299841566252862,0.4473039369136748,,
,,,,0.7091385558291035,0.519593287005001
0.6179687942713694,0.2995567229900436,,,,
,,0.7424053153284135,0.4362331086718632,,
,,,,0.7145747832816008,0.4208650750171503
0.6156508775891333,0.3479726891263841,,,,
,,0.7329869048660623,0.5542121065980126,,
,,,,0.7012850636622148,0.6120777444606781
0.5981381934443667,0.4890108461878735,,,,
,,0.6946060612571148,0.6243791426811502,,
,,,,0.707028947107913,0.5295028076029445
0.5822363563192006,0.5134380699228169,,,,
,,0.7500539741361907,0.4844179897943362,,
,,,,0.7468111277129181,0.3387830357346828
0.6167286551441025,0.3786340869132357,,,,
,,0.765932658560833,0.3060938554986667,,
,,,,0.7131590332599325,0.5254130633087102
0.5806812438420185,0.5217021298217126,,,,
,,0.7000359607511717,0.6428452404392777,,
,,,,0.7150110759672617,0.4296376058479179
0.599596659623609,0.41471492429871,,,,
,,0.7415557663292585,0.5297941703722917,,
,,,,0.7485125811850615,0.3462790644470783
0.6225214920081585,0.1993459576387376,,,,
,,0.7342534356283831,0.4302786194368775,,
,,,,0.7246101653231611,0.347326620955344
0.5765488800806531,0.5435983540614924,,,,
,,0.6868337068005688,0.6863495644055604,,
,,,,0.7253253149310144,0.1322141126197584
0.6125650331563051,0.3847260473019703,,,,
,,0.7193732120095302,0.6099972420573916,,
,,,,0.7307469985253157,0.2141983940215611
0.6272736219476509,0.3664882250765336,,,,
,,0.7419213325441366,0.5285376266146972,,
,,,,0.7253742390870916,0.4254708965840278
0.5856052432085306,0.5411728903092893,,,,
,,0.754481164349785,0.3389347831112408,,
,,,,0.7093510627320448,0.474151526345575
0.5654576946366507,0.5047600092208804,,,,
,,0.7248583849876734,0.5338815700638679,,
,,,,0.7720385595120121,0.059077015433659
0.6045237275200984,0.4366593627024717,,,,
,,0.7204629650041438,0.5227460940879444,,
,,,,0.7508463183661239,0.1692701530890717
0.5927448069519681,0.4597353533089169,,,,
,,0.7460950671450037,0.2220434282684221,,
,,,,0.6983041050868699,0.6131212831919828
0.5997513335651408,0.422645031957641,,,,
,,0.7007358521386962,0.6211700739232099,,
,,,,0.747820588062225,0.3071019337365476
0.60523149756048,0.3939884448810565,,,,
,,0.7167938483823806,0.6611410916886773,,
,,,,0.7044205803373607,0.517218246786215
0.5917347917428193,0.4578058722419568,,,,
,,0.689712773600575,0.7053998036648642,,
,,,,0.7315128968307769,0.3370439343589068
0.6161535540678362,0.3734061782054333,,,,
,,0.7120565696472063,0.6161289772261167,,
,,,,0.7272534674786839,0.3946606077448754
0.5911598776255027,0.5156013613861203,,,,
,,0.707434316921618,0.624803694858656,,
,,,,0.7537364347862815,0.2622288954707025
0.6061447378048881,0.3655745857966725,,,,
,,0.7116389339659941,0.6507811499599366,,
,,,,0.7315295106434392,0.4120604313574252
0.6354263066944664,0.1822040272131042,,,,
,,0.7159547935305272,0.6335719950447888,,
,,,,0.7469950834662002,0.1700805162769012
0.5968232295433162,0.4556093643900045,,,,
,,0.7722734190915224,0.3992852805528288,,
,,,,0.766539505047636,0.2758050431591212
0.6036656358526048,0.3855389620398511,,,,
,,0.7140804854793946,0.5515270277507798,,
,,,,0.7513961560823431,0.3777426637147035
0.5972325805280774,0.4556429665210589,,,,
,,0.7332885906158718,0.5565551683412542,,
,,,,0.7513485033946246,0.3194909506389278
0.604486910650412,0.4271479068327311,,,,
,,0.7349537245242789,0.5603863362212753,,
,,,,0.7348524521125188,0.3267940617695273
0.604835261953747,0.3842352267070212,,,,
,,0.728185225240465,0.5658888389604921,,
,,,,0.7363145150971837,0.218720757541312
0.6093127703969573,0.4146890290978587,,,,
,,0.7329381672032593,0.4323237032364893,,
,,,,0.738245700713074,0.3503028782435452
0.5828604846466248,0.5759896962953457,,,,
,,0.7127539298175614,0.646963156238662,,
,,,,0.7370302092546019,0.4247000826853584
0.5806431143978368,0.476339750705873,,,,
,,0.6967854048206152,0.643246679801726,,
,,,,0.7102207601962208,0.5404114086336704
0.6114855481631718,0.3743698999060885,,,,
,,0.7226371671300323,0.5069873603878552,,
,,,,0.7076911318584352,0.5158946182444395
0.6223488103715484,0.2740484272995126,,,,
,,0.7164753510295716,0.5991543422751842,,
,,,,0.7259643182402857,0.3589994984600555
0.615171907033548,0.4091705069798451,,,,
,,0.7309899020729507,0.4960911258140313,,
,,,,0.7276420950849287,0.3336073792794709
0.6181188411265603,0.3342708132669825,,,,
,,0.7209763916108776,0.613253041081693,,
,,,,0.7249879100924964,0.4194625237740483
0.6345731820770804,0.3373333296122928,,,,
,,0.7095205247523357,0.5720413284782235,,
,,,,0.6980091909860933,0.5783139816396637
0.5954365985816225,0.4701309660275459,,,,
,,0.7471783913484673,0.3429829881827405,,
,,,,0.7230496700652713,0.496860248855591
0.5956570776165453,0.4393999035710153,,,,
,,0.7221036130107557,0.5986299658643657,,
,,,,0.7324193477024534,0.4574997833902489
0.6223049187480807,0.2366270519182708,,,,
,,0.7198183665290626,0.5884518336530197,,
,,,,0.7240312248388582,0.4487490046746619
0.6024343361898243,0.4444735298182589,,,,
,,0.7259147869645806,0.5744242667679074,,
,,,,0.7113208778265553,0.440271030879567
0.5906186470876127,0.499507515423048,,,,
,,0.7076509842355754,0.6307498998872061,,
,,,,0.7333736621917377,0.3567285148130342
0.5900049579698569,0.4510953704285197,,,,
,,0.7008651564114865,0.691267503334574,,
,,,,0.7624207987678233,0.1193374953827859
0.5811032135817716,0.572949123217641,,,,
,,0.7412445865789065,0.4765260707317472,,
,,,,0.7744731024198178,0.0678794910435728
0.6132184461226453,0.3886627689822229,,,,
,,0.7080538278980112,0.6676792782785823,,
,,,,0.7289158585531141,0.3073697593573264
0.5950574532219541,0.5046754567238405,,,,
,,0.7340669659585017,0.4952482734596473,,
,,,,0.7108845457514746,0.5169137150607305
0.6153125064975392,0.3290233930013893,,,,
,,0.7339796455240941,0.2707841824481054,,
,,,,0.7424714613471952,0.4263156532943335
0.6426929549266542,0.1635278646464579,,,,
,,0.7153928812381923,0.5789041178890999,,
,,,,0.7310021331818297,0.4725574457027856
0.5891390617941625,0.4972772411771228,,,,
,,0.7238715513331453,0.5447795184701913,,
,,,,0.7060839412264012,0.5256066459804261
0.6086853286045711,0.4094093839742857,,,,
,,0.7293702116302514,0.5170023951173076,,
,,,,0.7452387153608799,0.2488172279302893
0.6069062790230164,0.3696482816015343,,,,
,,0.7169626767964994,0.5570188951436915,,
,,,,0.7421567783611527,0.153833274541249
0.6162702781796047,0.3229982640714848,,,,
,,0.7701481763060616,0.0912301442063182,,
,,,,0.7593350219309882,0.2174466717484106
0.598354515762944,0.4243173461099589,,,,
,,0.760303277972697,0.4068355167910833,,
,,,,0.7269025251739598,0.4198937706695977
0.6187359206162406,0.4050167762924023,,,,
,,0.7459372625371622,0.5156525568858402,,
,,,,0.7115207864444992,0.4717505872647812
0.6059987759126673,0.3702992231962226,,,,
,,0.7082143612230436,0.6399681759320043,,
,,,,0.7325928956402552,0.3759884997715249
0.6154423096115993,0.3230127974294878,,,,
,,0.7205115938923565,0.6422996442571716,,
,,,,0.7565166816978619,0.3172986970821697
0.6044683061016609,0.4214427526338538,,,,
,,0.7217126761515282,0.5844499257469831,,
,,,,0.7500366694906,0.2475747993003086
0.5849306440048416,0.4862227111774261,,,,
,,0.7459070264785563,0.382993929372867,,
,,,,0.7355770345425603,0.3706047929441546
0.5767605449807488,0.5809353888518284,,,,
,,0.7212529610350342,0.5032853584636257,,
,,,,0.7339777352457261,0.3856557819310638
0.589825972059407,0.5057032954503344,,,,
,,0.7210274247739976,0.6161298797775063,,
,,,,0.6953605689758601,0.6154181163921413
0.6139847400108682,0.2777969700126409,,,,
,,0.7070679307035146,0.5302349897517971,,
,,,,0.7537341287692813,-0.0256544891158547
0.6289409918736113,0.2587442124638818,,,,
,,0.6957884246266794,0.7170378799971922,,
,,,,0.7572602615607533,0.2621525883285105
0.6103804325804567,0.4169781215650119,,,,
,,0.7290054133068596,0.4373436660516923,,
,,,,0.7260050004904863,0.4422350629573419
0.5794310082770167,0.5713971328962135,,,,
,,0.7535342945446337,0.3542412115208165,,
,,,,0.7122083362893122,0.4748888560533459
0.6303712116419967,0.23059093932577,,,,
,,0.7306629071464743,0.5713245280841144,,
,,,,0.7603910983859079,0.2804935005619475
0.5934495319443291,0.5082562939706371,,,,
,,0.7663110753583263,-0.0047671189600171,,
,,,,0.7303250012207048,0.4158433184784879
0.6079105166854923,0.4310964772858998,,,,
,,0.7350731439971352,0.45077274183736,,
,,,,0.7474033254934855,0.3592203705806593
0.5986694482088113,0.4209347913270591,,,,
,,0.7371757558986345,0.5274937168439411,,
,,,,0.7364210916199021,0.3847266750135202
0.6064410127537404,0.4008114813304386,,,,
,,0.7604545548894683,0.3790735444765692,,
,,,,0.7410151933510449,0.263449363621399
0.6126591690293098,0.4083316663491967,,,,
,,0.7332024171021003,0.5891529776670782,,
,,,,0.7258000573578094,0.4945973539162727
0.6089630215971396,0.4060692957214352,,,,
,,0.7271550790453178,0.5321539888289128,,
,,,,0.7197198481628098,0.3546947875393917
0.6075132027814468,0.3942404955474182,,,,
,,0.7321705904851687,0.5153479145036386,,
,,,,0.7475542173121803,0.1519345786830843
0.6169108851634659,0.3367134866886346,,,,
,,0.7390685654789306,0.5094726415552573,,
,,,,0.7124031436348337,0.4747539512936833
0.597504307994713,0.4098009264901147,,,,
,,0.7137703920927094,0.6712388643062666,,
,,,,0.7122922522246141,0.4911095492220083
0.5995302907092368,0.4729268863528519,,,,
,,0.6855918601840882,0.6479577602761847,,
,,,,0.7338984559345516,0.409898100789929
0.5896376128215617,0.4891210585019553,,,,
,,0.7497175474598778,0.4352908891860884,,
,,,,0.6962467859947387,0.5539926155202687
0.6002000134838628,0.4551859989857716,,,,
,,0.7160520963589787,0.589115426706693,,
,,,,0.7447626613103844,0.4064451083022511
0.5838750837501824,0.5338236140240853,,,,
,,0.7091041005512141,0.5858581280395607,,
,,,,0.7247149576867866,0.4644322182325741
0.6295288651979221,0.2768555862091173,,,,
,,0.7208496073189767,0.5856009810449438,,
,,,,0.7500188584682661,0.2696335292819064
0.6154623676408211,0.4072629468356024,,,,
,,0.726827177071546,0.456408285404476,,
,,,,0.6854583548602883,0.5391253880207647
0.6000957951242338,0.3879180881292845,,,,
,,0.7607797276703306,0.3873555767916012,,
,,,,0.7292647709779647,0.3596646702604106
0.5955859319828589,0.4141446672926221,,,,
,,0.7258780286641757,0.6199610472171067,,
,,,,0.7327951468540831,0.476952627320111
0.6055833730811586,0.4638325242287657,,,,
,,0.7251433850364731,0.5828948155133233,,
,,,,0.752707990331218,0.1606247627796649
0.6004461140861581,0.4216033575291367,,,,
,,0.7076538350719412,0.5336583396597618,,
,,,,0.7442916470210639,0.2510162467522548
0.6083963813789599,0.4026464158580718,,,,
,,0.7512512960893889,0.4519079111015851,,
,,,,0.7151495109400494,0.4609790762212857
0.6041594125068712,0.4099340993361793,,,,
,,0.713450543706754,0.5910891556318192,,
,,,,0.7286767260243048,0.4444985407879913
0.5908746968811329,0.5097842946904813,,,,
,,0.7375127325568079,0.3797721294415993,,
,,,,0.728179579995013,0.3392969988514267
0.5917880018823354,0.4745804043680438,,,,
,,0.7197417372176831,0.6131222477505553,,
,,,,0.756096398323469,0.2562011094176135
0.6285373901363531,0.2044818769073614,,,,
,,0.7468067974163128,0.4524972536095918,,
,,,,0.723052511184004,0.5155187541021884
0.608351609180156,0.3799480528303425,,,,
,,0.7229825599960016,0.5767912564244508,,
,,,,0.7001660336113404,0.5065989901790364
0.6252969964065689,0.274421634055093,,,,
,,0.7207374911011936,0.5340853945664169,,
,,,,0.7309671333624889,0.4360358076268484
0.6171185105456309,0.3386776621474252,,,,
,,0.7738748619594722,0.3685049801324219,,
,,,,0.7066924499213314,0.4779982954966483
0.6315412912580123,0.3356224030247161,,,,
,,0.7206846223122567,0.5093138622204695,,
,,,,0.7378281589524289,0.3818409541200951
0.5939702918417868,0.4714954708648928,,,,
,,0.7195762798242378,0.6129954902334599,,
,,,,0.7173370921090532,0.5194190655196538
0.6098374506522484,0.4085424324393244,,,,
,,0.7088634386902202,0.5537332449192279,,
,,,,0.7030080989624652,0.5424088497192314
0.6462947175861793,0.1494806446459312,,,,
,,0.7156870201239895,0.6094935307803695,,
,,,,0.7054268556407797,0.5018053070301107
0.5989882426401085,0.466051576005957,,,,
,,0.7534708779776601,0.4726295008599388,,
,,,,0.7344426180619852,0.4854755908195477
0.5931549326812597,0.4355753893279909,,,,
,,0.7509217236428625,0.2305105417184088,,
,,,,0.7218947313106798,0.4416748055200623
0.5952087913844899,0.5007948435798671,,,,
,,0.7212455426914873,0.4814856473291669,,
,,,,0.72110668980908,0.4257140242351483
0.6179324092696784,0.3280930051511547,,,,
,,0.7301003844913523,0.5303985630263672,,
,,,,0.7114063818751005,0.5494628102357818
0.5996580072107704,0.4502820426120718,,,,
,,0.7154989666876903,0.5793307834264241,,
,,,,0.6996029391361139,0.5401382949366261
0.6248915908660333,0.3388084511778304,,,,
,,0.730154933590123,0.5337974383271322,,
,,,,0.7401150612420841,0.2824152667321
0.6150738687316478,0.3591214029494459,,,,
,,0.7400314255582612,0.4235073283385325,,
,,,,0.7326818982896109,0.416362358849527
0.5940233058083377,0.5212075247247848,,,,
,,0.7310553416138573,0.5333973553069977,,
,,,,0.7147963626189684,0.4899210544512377
0.628723519831561,0.2996558077329171,,,,
,,0.7171474719922907,0.6327198586472056,,
,,,,0.7233195092611286,0.4278386089691178
0.6218504496258574,0.2804579547563351,,,,
,,0.7487318139211023,0.3977687806402133,,
,,,,0.7267654321516437,0.4043716551159158
0.6020386986114636,0.4266149706878127,,,,
,,0.7308138195216042,0.4858051519572093,,
,,,,0.7411202398362324,0.4253795216034914
0.5920764061451358,0.4936927235918591,,,,
,,0.7432912072281589,0.3349196176716742,,
,,,,0.7422078394304138,0.2444245962400126
0.6072584488081973,0.419453780312724,,,,
,,0.7722002115632762,0.3856738997586674,,
,,,,0.7270288924068382,0.3925851854124684
0.6387719968108938,0.280551144617846,,,,
,,0.7374657645282521,0.4380996527695829,,
,,,,0.7333262231695326,0.3715417998461009
0.60204822819907,0.3720948834908039,,,,
,,0.7439001662079624,0.4897243216284634,,
,,,,0.7566116724410761,0.2461446301838886
0.6338329432622094,0.2715506636428179,,,,
,,0.7452273019199198,0.3820339316742189,,
,,,,0.7525440425730296,0.2726944528686714
0.6031363323382306,0.4899239854081907,,,,
,,0.722151387119077,0.4707013941212693,,
,,,,0.7311297438045739,0.4166248129585619
0.6088013028173811,0.3185363154607784,,,,
,,0.7277066299178578,0.4477810020636436,,
,,,,0.7466308056336564,0.2611714150918512
0.6143035850533825,0.413741482073386,,,,
,,0.7299186502031687,0.5732129500064886,,
,,,,0.6989057254612699,0.5298995191348332
0.6049480352020651,0.4137771297932819,,,,
,,0.708476599951601,0.6270553868592688,,
,,,,0.7508139456711,0.2277939491010855
0.6049703230723782,0.44087374634346,,,,
,,0.7092982861127075,0.6485966483903038,,
,,,,0.7401527184032521,0.271992481447451
0.5909835600026125,0.5146537606583744,,,,
,,0.7402074067952007,0.3843600382151906,,
,,,,0.7240695012571342,0.3284233492368322
0.6040321835709828,0.3742321338099261,,,,
,,0.7301530708843077,0.5156449663882143,,
,,,,0.7650122735025777,0.1351432629293733
0.6035000816984322,0.419814059211631,,,,
,,0.6927404207417812,0.6672435736578197,,
,,,,0.7887103436593157,0.1457505062149607
0.6267472312562932,0.3388200509281368,,,,
,,0.7342118910361065,0.4815799533208053,,
,,,,0.7369693162555916,0.4348672990310209
0.5809523185179194,0.5010273575042286,,,,
,,0.7223501184503474,0.5301468771268254,,
,,,,0.7287124173958947,0.3986169749738667
0.5910519713825978,0.5068714245833394,,,,
,,0.7735294082226614,0.3988662369788097,,
,,,,0.7299555302576743,0.4137708638109736
0.6119867521340805,0.3469322596311069,,,,
,,0.7318530574443448,0.3056044702655721,,
,,,,0.7382757165073583,0.3615173803133501
0.6087987124031484,0.3885124180885576,,,,
,,0.7214587709415534,0.6109474982468217,,
,,,,0.7344893915240298,0.3004122564858383
0.5867671668292886,0.4840098805270852,,,,
,,0.7708079610060321,0.407757957142162,,
,,,,0.7242990591273435,0.4433195319907301
0.6340104728193467,0.2163774999186108,,,,
,,0.7426227620027509,0.3100292080247346,,
,,,,0.6963049499235238,0.6502980707406542
0.6048110490179736,0.406874202666471,,,,
,,0.709050835923603,0.7099320195141927,,
,,,,0.7117576639309713,0.4696542083486056
0.625922684554588,0.2678464778017844,,,,
,,0.7162794807831052,0.5994980068912396,,
,,,,0.731608102239462,0.397303975026913
0.562102033247518,0.6296153110200082,,,,
,,0.7414947756125648,0.2101353367227039,,
,,,,0.7477691531130368,0.410347705272893
0.5934003289247862,0.4785691669610937,,,,
,,0.7103510442128351,0.6959686887110592,,
,,,,0.694083547226487,0.5945272010590985
0.5853601985865006,0.4804192094914344,,,,
,,0.7238883656873174,0.4995632052619986,,
,,,,0.7313797259468959,0.3910190610926629
0.6084490297418468,0.3947742051639962,,,,
,,0.7301865989512337,0.4902308564652256,,
,,,,0.737238238817778,0.3732752399772364
0.5937675135219518,0.4839008029057294,,,,
,,0.7422860508561169,0.5363014447428467,,
,,,,0.7213948611517298,0.4260747816424324
0.594332700086811,0.4912956049259592,,,,
,,0.7381858863721702,0.3741150992296129,,
,,,,0.6884716736327448,0.5130448570894965
0.6026673315212213,0.4500607438131832,,,,
,,0.7032627568168104,0.6513783895185654,,
,,,,0.7487325911404419,0.2906805679369898
0.6128225404914684,0.3984056522695225,,,,
,,0.7476596281862307,0.4673213381794521,,
,,,,0.7242670546384669,0.4626737169735071
0.6228901973205203,0.3447355565434313,,,,
,,0.7532759658521966,0.4262181572293877,,
,,,,0.7416416500268902,0.1902914557423564
0.6421277241732086,0.2799198692808748,,,,
,,0.7385510241278317,0.5222993065910592,,
,,,,0.7531642386188164,0.3468287091460377
0.5873392868931697,0.5036834719287527,,,,
,,0.7776058809788157,0.366340035189733,,
,,,,0.7151754536052156,0.5633877150001468
0.6041418656815273,0.4156052121553559,,,,
,,0.7606002818970211,0.4108616813841906,,
,,,,0.7266320527430408,0.4673627056491568
0.5967328461249657,0.4390242203989936,,,,
,,0.7328177489181245,0.4983255711046847,,
,,,,0.7246684320986213,0.4991216322735824
0.577169679135038,0.5007803374840237,,,,
,,0.6997580855824692,0.6436513041024299,,
,,,,0.7338321057521795,0.374304096635341
0.6316337568752626,0.3294626050776448,,,,
,,0.7271296064317346,0.5073766758253726,,
,,,,0.7382542321858607,0.4359271996082811
0.6109673598614975,0.4242684171306043,,,,
,,0.7161641642881656,0.656913362053964,,
,,,,0.7045499224800026,0.537823749994178
0.5977324305257468,0.4713487431290277,,,,
,,0.7035655359002668,0.6873262097693174,,
,,,,0.7483149939870152,0.2261733696435511
0.597399148117046,0.4887722226356715,,,,
,,0.7204142919141803,0.6205081425970413,,
,,,,0.756788998876095,0.1567293621352231
0.6309232266191556,0.2417372238548097,,,,
,,0.7291633257941605,0.4481057124606135,,
,,,,0.7148730057099761,0.5135090840612073
0.6146077325801251,0.3812575957426127,,,,
,,0.7364653500060825,0.4897685905992952,,
,,,,0.7382543171567887,0.2394962931612526
0.628575799339045,0.2791286837657224,,,,
,,0.7522349335092013,0.3339311817165776,,
,,,,0.7241746834897005,0.422175899331901
0.5785214110118935,0.5430630319288258,,,,
,,0.7416960380719677,0.4508114802214167,,
,,,,0.7382005650796176,0.3276537080202346
0.6082978335312572,0.342185627468665,,,,
,,0.7400374095262267,0.4988030978203286,,
,,,,0.7268541533275821,0.3752415542287401
0.5841148230567595,0.5315248951512137,,,,
,,0.7103039403657297,0.561914294071731,,
,,,,0.7392996117728721,0.3541073876249228
0.628084762055178,0.2969402794522849,,,,
,,0.7232384188715661,0.5597993111966599,,
,,,,0.7595948323593595,0.1463855655167387
0.6127235210351462,0.3795353910340052,,,,
,,0.7423693141608313,0.5303357527517013,,
,,,,0.7391611296492517,0.4445660069662631
0.6504179010296288,0.2062724057263152,,,,
,,0.7355967698696877,0.4804323401880411,,
,,,,0.7517768671910939,0.2733123271173293
0.587324976733463,0.5337845888212931,,,,
,,0.7334981788521463,0.4957953624286345,,
,,,,0.7469502119703051,0.0339337556075469
0.6173447486222566,0.3210783937491177,,,,
,,0.7280476845871496,0.5554983897126922,,
,,,,0.720301192385626,0.5281924486307221
0.6465960956821106,0.2629815000960144,,,,
,,0.7454661729493672,0.2810576376976808,,
,,,,0.7564181384676887,0.3921510696519888
0.6057998058615552,0.4250223703686183,,,,
,,0.7416072344327918,0.4476783631831715,,
,,,,0.7680727198514283,0.2935622624438592
0.5961191351613392,0.4823504308084737,,,,
,,0.7321375048412642,0.4684537826102751,,
,,,,0.7333965074547548,0.233915082133105
0.6194078455016637,0.3327069217922778,,,,
,,0.772969983928613,0.328974598141785,,
,,,,0.7341699994932276,0.3321617826116112
